System,Date,IndexPrice,ETFPrice,Indicator,Signal,RawWeight,VolScale,FinalWeight,Position,DeltaPosition,NAV,Drawdown
NDX,2026-10-02,30807.93,56944.00,-0.70,5,0.88,1.00,0.88,0.88,0.00,42.46,0.0000
CAC,2026-10-02,7897.19,6803.00,-1.34,5,1.00,0.44,0.44,0.44,-0.56,2.70,-0.0960
DAX,2026-10-02,25231.20,37932.50,-0.91,5,1.00,0.64,0.64,1.00,0.00,8.76,-0.0590
IBEX,2026-10-02,19085.30,41897.50,-0.72,5,0.92,0.55,0.51,0.59,0.00,3.20,-0.0620
SPX,2026-10-02,7722.72,5807.00,-0.70,7,1.00,0.79,0.79,1.00,0.00,16.05,-0.0000
TSX,2026-10-02,35502.65,22902.00,,5,1.00,0.61,0.61,0.61,-0.39,3.48,-0.0100
UKX,2026-10-02,10461.95,1018.20,-0.64,3,0.02,0.54,0.01,0.00,0.00,11.50,-0.0110
World_2a,2026-10-02,28899.63,11064.00,,1,1.00,1.00,1.00,1.00,0.00,2.87,-0.0030
World_12,2026-10-02,28899.63,11064.00,-0.70,0.5,0.50,1.00,0.50,0.50,0.00,7.66,-0.0010
