Date,Index price,ETF price,indicator,signal,raw weight,vol scale,final weight,position,delta position,NAV,drawdown
2025-07-07,8806.53,858.60,-0.48,3,0.02,1.00,0.02,0.00,0.00,10.45,-0.2%
2025-07-08,8854.18,863.30,-0.50,3,0.02,1.00,0.02,0.00,0.00,10.45,-0.2%
2025-07-09,8867.02,865.00,-0.32,3,0.02,1.00,0.02,0.00,0.00,10.45,-0.2%
2025-07-10,8975.66,875.60,0.04,3,0.02,0.89,0.02,0.00,0.00,10.45,-0.2%
2025-07-11,8941.12,872.30,-0.12,3,0.02,0.77,0.02,0.00,0.00,10.45,-0.2%
2025-07-14,8998.06,877.30,0.13,3,0.02,0.84,0.02,0.00,0.00,10.45,-0.2%
2025-07-15,8938.32,871.20,-0.15,3,0.02,0.65,0.01,0.00,0.00,10.45,-0.2%
2025-07-16,8926.55,870.30,-0.40,3,0.02,0.63,0.01,0.00,0.00,10.45,-0.2%
2025-07-17,8972.64,874.50,-0.16,3,0.02,0.75,0.02,0.00,0.00,10.45,-0.2%
2025-07-18,8992.12,876.20,0.08,3,0.02,0.66,0.01,0.00,0.00,10.45,-0.2%
2025-07-21,9012.99,878.30,0.28,3,0.02,0.69,0.01,0.00,0.00,10.45,-0.2%
2025-07-22,9023.81,879.00,0.28,3,0.02,1.00,0.02,0.00,0.00,10.45,-0.2%
2025-07-23,9061.49,882.70,0.36,3,0.02,1.00,0.02,0.00,0.00,10.45,-0.2%
2025-07-24,9138.37,890.40,0.54,3,0.02,0.65,0.01,0.00,0.00,10.45,-0.2%
2025-07-25,9120.31,888.70,0.73,4,0.92,0.45,0.42,0.42,0.42,10.45,-0.2%
2025-07-28,9081.44,885.30,0.39,4,0.92,0.34,0.32,0.42,0.00,10.43,-0.3%
2025-07-29,9136.32,890.30,0.32,4,0.92,0.33,0.30,0.42,0.00,10.45,-0.1%
2025-07-30,9136.94,890.20,0.31,4,0.92,0.33,0.30,0.42,0.00,10.45,-0.1%
2025-07-31,9132.81,890.30,0.41,4,0.92,0.48,0.45,0.42,0.00,10.45,-0.1%
2025-08-01,9068.58,884.30,0.05,4,0.92,0.37,0.34,0.42,0.00,10.42,-0.4%
2025-08-04,9128.30,889.50,0.14,4,0.92,0.35,0.32,0.42,0.00,10.45,-0.1%
2025-08-05,9142.73,891.20,0.21,4,0.92,0.43,0.39,0.42,0.00,10.46,-0.0%
2025-08-06,9164.31,893.30,0.33,4,0.92,0.43,0.39,0.42,0.00,10.47,0.0%
2025-08-07,9100.77,889.10,0.25,4,0.92,0.38,0.35,0.42,0.00,10.45,-0.2%
2025-08-08,9095.73,888.60,0.26,3,0.02,0.52,0.01,0.01,-0.41,10.45,-0.2%
2025-08-11,9129.71,891.40,0.24,3,0.02,0.65,0.01,0.01,0.00,10.45,-0.2%
2025-08-12,9147.81,893.70,0.30,3,0.02,0.61,0.01,0.01,0.00,10.45,-0.2%
2025-08-13,9165.23,895.60,0.36,3,0.02,0.62,0.01,0.01,0.00,10.45,-0.2%
2025-08-14,9177.24,899.40,0.44,3,0.02,1.00,0.02,0.01,0.00,10.45,-0.2%
2025-08-15,9138.90,895.90,0.28,4,0.92,0.63,0.58,0.58,0.57,10.45,-0.2%
2025-08-18,9157.74,897.20,0.25,4,0.92,0.65,0.60,0.58,0.00,10.45,-0.1%
2025-08-19,9189.22,901.00,0.48,4,0.92,0.60,0.55,0.58,0.00,10.48,0.0%
2025-08-20,9288.14,910.20,0.75,4,0.92,0.41,0.37,0.58,0.00,10.54,0.0%
2025-08-21,9309.20,913.00,0.76,4,0.92,0.41,0.38,0.58,0.00,10.56,0.0%
2025-08-22,9321.40,913.70,0.97,4,0.92,0.55,0.51,0.58,0.00,10.57,0.0%
2025-08-26,9265.80,908.20,0.62,4,0.92,0.36,0.33,0.58,0.00,10.53,-0.3%
2025-08-27,9255.50,907.40,0.32,4,0.92,0.36,0.33,0.58,0.00,10.52,-0.4%
2025-08-28,9216.82,904.40,0.00,4,0.92,0.59,0.55,0.58,0.00,10.50,-0.6%
2025-08-29,9187.34,901.40,-0.36,4,0.92,0.83,0.77,0.58,0.00,10.48,-0.8%
2025-09-01,9196.34,902.00,-0.61,4,0.92,0.86,0.79,0.58,0.00,10.49,-0.7%
2025-09-02,9116.69,894.60,-1.16,4,0.92,0.68,0.62,0.58,0.00,10.44,-1.2%
2025-09-03,9177.99,900.70,-0.99,4,0.92,0.41,0.37,0.58,0.00,10.48,-0.8%
2025-09-04,9216.87,904.50,-0.71,4,0.92,0.39,0.36,0.58,0.00,10.50,-0.6%
2025-09-05,9208.21,903.60,-0.40,3,0.02,0.43,0.01,0.01,-0.57,10.50,-0.6%
2025-09-08,9221.44,904.60,-0.21,3,0.02,0.44,0.01,0.01,0.00,10.50,-0.6%
2025-09-09,9242.53,906.00,-0.20,3,0.02,0.85,0.02,0.01,0.00,10.50,-0.6%
2025-09-10,9225.39,904.30,-0.33,3,0.02,1.00,0.02,0.01,0.00,10.50,-0.6%
2025-09-11,9297.58,904.50,-0.01,3,0.02,1.00,0.02,0.01,0.00,10.50,-0.6%
2025-09-12,9283.29,903.00,0.00,4,0.92,1.00,0.92,0.92,0.91,10.50,-0.6%
2025-09-15,9277.03,902.60,0.10,4,0.92,1.00,0.92,0.92,0.00,10.49,-0.7%
2025-09-16,9195.66,894.10,-0.20,4,0.92,0.69,0.63,0.92,0.00,10.40,-1.5%
2025-09-17,9208.37,895.60,-0.02,4,0.92,0.63,0.58,0.92,0.00,10.42,-1.4%
2025-09-18,9228.11,897.80,0.11,4,0.92,0.60,0.55,0.92,0.00,10.44,-1.2%
2025-09-19,9216.67,896.00,0.08,3,0.02,0.59,0.01,0.01,-0.91,10.42,-1.3%
2025-09-22,9226.68,895.90,0.04,3,0.02,0.60,0.01,0.01,0.00,10.42,-1.3%
2025-09-23,9223.32,896.00,0.09,3,0.02,1.00,0.02,0.01,0.00,10.42,-1.3%
2025-09-24,9250.43,898.20,0.02,3,0.02,1.00,0.02,0.01,0.00,10.42,-1.3%
2025-09-25,9213.98,895.30,-0.24,3,0.02,1.00,0.02,0.01,0.00,10.42,-1.3%
2025-09-26,9284.83,901.70,-0.02,3,0.02,0.76,0.02,0.01,0.00,10.42,-1.3%
2025-09-29,9299.84,903.80,0.26,3,0.02,0.78,0.02,0.01,0.00,10.42,-1.3%
2025-09-30,9350.43,908.40,0.65,3,0.02,0.77,0.02,0.01,0.00,10.43,-1.3%
2025-10-01,9446.43,918.20,0.84,3,0.02,0.60,0.01,0.01,0.00,10.43,-1.3%
2025-10-02,9427.73,916.90,0.91,3,0.02,0.70,0.01,0.01,0.00,10.43,-1.3%
2025-10-03,9491.25,922.80,1.12,4,0.92,0.72,0.67,0.67,0.65,10.43,-1.3%
2025-10-06,9479.14,921.90,0.99,4,0.92,0.64,0.59,0.67,0.00,10.42,-1.4%
2025-10-07,9483.58,922.50,0.84,4,0.92,0.62,0.57,0.67,0.00,10.42,-1.3%
2025-10-08,9548.87,928.90,0.95,4,0.92,0.83,0.77,0.67,0.00,10.47,-0.9%
2025-10-09,9509.40,924.80,0.91,4,0.92,0.72,0.66,0.67,0.00,10.44,-1.2%
2025-10-10,9427.47,917.60,0.57,4,0.92,0.67,0.62,0.67,0.00,10.39,-1.7%
2025-10-13,9442.87,918.80,0.60,4,0.92,0.67,0.62,0.67,0.00,10.40,-1.6%
2025-10-14,9452.77,919.60,0.54,4,0.92,0.68,0.62,0.67,0.00,10.40,-1.5%
2025-10-15,9424.75,916.60,0.44,4,0.92,1.00,0.92,0.67,0.00,10.38,-1.8%
2025-10-16,9436.09,918.70,0.40,4,0.92,0.92,0.85,0.67,0.00,10.40,-1.6%
2025-10-17,9354.57,910.70,0.16,4,0.92,0.85,0.78,0.67,0.00,10.34,-2.2%
2025-10-20,9403.57,917.40,0.24,4,0.92,0.66,0.61,0.67,0.00,10.39,-1.7%
2025-10-21,9426.99,919.10,0.46,4,0.92,0.66,0.60,0.67,0.00,10.40,-1.6%
2025-10-22,9515.00,927.70,0.86,4,0.92,0.58,0.54,0.67,0.00,10.46,-1.0%
2025-10-23,9578.57,934.70,1.07,4,0.92,0.57,0.52,0.67,0.00,10.52,-0.5%
2025-10-24,9645.62,940.60,1.38,4,0.92,1.00,0.92,0.67,0.00,10.56,-0.0%
2025-10-27,9653.82,940.90,1.40,4,0.92,1.00,0.92,0.67,0.00,10.56,-0.0%
2025-10-28,9696.74,946.20,1.30,4,0.92,1.00,0.92,0.67,0.00,10.60,0.0%
2025-10-29,9756.14,951.30,1.11,4,0.92,1.00,0.92,0.67,0.00,10.64,0.0%
2025-10-30,9760.06,951.20,0.90,4,0.92,1.00,0.92,0.67,0.00,10.64,-0.0%
2025-10-31,9717.25,947.30,0.45,2,0.00,1.00,0.00,0.00,-0.67,10.61,-0.3%
2025-11-03,9701.37,945.50,0.11,2,0.00,0.98,0.00,0.00,0.00,10.61,-0.3%
2025-11-04,9714.96,946.70,-0.19,2,0.00,1.00,0.00,0.00,0.00,10.61,-0.3%
2025-11-05,9777.08,952.70,-0.02,2,0.00,1.00,0.00,0.00,0.00,10.61,-0.3%
2025-11-06,9735.78,948.40,-0.23,2,0.00,0.93,0.00,0.00,0.00,10.61,-0.3%
2025-11-07,9682.57,943.80,-0.63,2,0.00,0.92,0.00,0.00,0.00,10.61,-0.3%
2025-11-10,9787.15,953.90,-0.36,2,0.00,0.64,0.00,0.00,0.00,10.61,-0.3%
2025-11-11,9899.60,964.60,-0.06,2,0.00,0.56,0.00,0.00,0.00,10.61,-0.3%
2025-11-12,9911.42,965.80,-0.00,2,0.00,0.56,0.00,0.00,0.00,10.61,-0.3%
2025-11-13,9807.68,957.30,-0.23,2,0.00,0.51,0.00,0.00,0.00,10.61,-0.3%
2025-11-14,9698.37,947.40,-0.78,2,0.00,0.46,0.00,0.00,0.00,10.61,-0.3%
2025-11-17,9675.43,944.70,-1.16,2,0.00,0.55,0.00,0.00,0.00,10.61,-0.3%
2025-11-18,9552.30,932.40,-1.62,4,0.92,0.88,0.81,0.81,0.81,10.61,-0.3%
2025-11-19,9507.41,928.40,-1.74,4,0.92,1.00,0.92,0.81,0.00,10.57,-0.6%
2025-11-20,9527.65,930.90,-1.75,4,0.92,0.84,0.77,0.81,0.00,10.60,-0.4%
2025-11-21,9539.71,931.80,-1.72,6,1.00,0.87,0.87,0.81,0.00,10.61,-0.3%
2025-11-24,9534.91,931.30,-1.58,6,1.00,0.87,0.87,0.81,0.00,10.60,-0.4%
2025-11-25,9609.53,939.20,-1.13,6,1.00,1.00,1.00,1.00,0.19,10.67,0.0%
2025-11-26,9691.58,947.70,-0.67,6,1.00,1.00,1.00,1.00,0.00,10.77,0.0%
2025-11-27,9693.93,947.80,-0.42,6,1.00,1.00,1.00,1.00,0.00,10.77,0.0%
2025-11-28,9720.51,950.60,-0.25,6,1.00,1.00,1.00,1.00,0.00,10.80,0.0%
2025-12-01,9702.53,949.10,-0.34,6,1.00,1.00,1.00,1.00,0.00,10.79,-0.2%
2025-12-02,9701.80,949.00,-0.43,6,1.00,1.00,1.00,1.00,0.00,10.79,-0.2%
2025-12-03,9692.07,948.30,-0.52,6,1.00,1.00,1.00,1.00,0.00,10.78,-0.2%
2025-12-04,9710.87,951.00,-0.34,6,1.00,1.00,1.00,1.00,0.00,10.81,0.0%
2025-12-05,9667.01,947.10,-0.34,6,1.00,1.00,1.00,1.00,0.00,10.76,-0.4%
2025-12-08,9645.09,945.20,-0.59,6,1.00,1.00,1.00,1.00,0.00,10.74,-0.6%
2025-12-09,9642.01,944.90,-0.73,6,1.00,1.00,1.00,1.00,0.00,10.74,-0.6%
2025-12-10,9655.53,945.90,-0.85,6,1.00,1.00,1.00,1.00,0.00,10.75,-0.5%
2025-12-11,9703.16,945.60,-0.70,6,1.00,1.00,1.00,1.00,0.00,10.75,-0.6%
2025-12-12,9649.03,940.00,-0.81,6,1.00,1.00,1.00,1.00,0.00,10.68,-1.2%
2025-12-15,9751.31,950.40,-0.38,6,1.00,0.79,0.79,1.00,0.00,10.80,-0.1%
2025-12-16,9684.79,943.70,-0.31,6,1.00,0.69,0.69,1.00,0.00,10.73,-0.8%
2025-12-17,9774.32,951.70,0.10,6,1.00,0.62,0.62,1.00,0.00,10.82,0.0%
2025-12-18,9837.77,957.60,0.59,6,1.00,0.62,0.62,1.00,0.00,10.88,0.0%
2025-12-19,9897.42,963.10,0.84,6,1.00,0.77,0.77,1.00,0.00,10.95,0.0%
2025-12-22,9865.97,959.60,0.77,6,1.00,0.80,0.80,1.00,0.00,10.91,-0.4%
2025-12-23,9889.22,961.90,0.69,6,1.00,1.00,1.00,1.00,0.00,10.93,-0.1%
2025-12-24,9870.68,960.70,0.57,6,1.00,1.00,1.00,1.00,0.00,10.92,-0.2%
2025-12-29,9866.53,960.40,0.60,6,1.00,1.00,1.00,1.00,0.00,10.92,-0.3%
2025-12-30,9940.71,967.40,1.02,4,0.92,1.00,0.92,1.00,0.00,10.99,0.0%
2025-12-31,9931.38,966.70,0.85,4,0.92,1.00,0.92,1.00,0.00,10.99,-0.1%
2026-01-02,9951.14,968.80,0.78,4,0.92,1.00,0.92,1.00,0.00,11.01,0.0%
2026-01-05,10004.57,973.30,0.95,4,0.92,1.00,0.92,1.00,0.00,11.06,0.0%
2026-01-06,10122.73,984.30,1.14,4,0.92,1.00,0.92,1.00,0.00,11.19,0.0%
2026-01-07,10048.21,976.70,1.08,4,0.92,0.75,0.69,1.00,0.00,11.10,-0.8%
2026-01-08,10044.69,977.00,1.02,4,0.92,0.78,0.72,1.00,0.00,11.10,-0.7%
2026-01-09,10124.60,984.70,1.21,2,0.00,0.76,0.00,0.00,-1.00,11.19,0.0%
2026-01-12,10140.70,986.60,1.12,2,0.00,0.74,0.00,0.00,0.00,11.19,0.0%
2026-01-13,10137.35,986.40,0.84,2,0.00,0.98,0.00,0.00,0.00,11.19,0.0%
2026-01-14,10184.35,990.30,0.83,2,0.00,1.00,0.00,0.00,0.00,11.19,0.0%
2026-01-15,10238.94,996.00,1.07,2,0.00,1.00,0.00,0.00,0.00,11.19,0.0%
2026-01-16,10235.29,997.00,1.00,2,0.00,1.00,0.00,0.00,0.00,11.19,0.0%
2026-01-19,10195.35,993.00,0.69,2,0.00,1.00,0.00,0.00,0.00,11.19,0.0%
2026-01-20,10126.78,986.40,0.23,2,0.00,0.96,0.00,0.00,0.00,11.19,0.0%
2026-01-21,10138.09,987.60,0.14,2,0.00,1.00,0.00,0.00,0.00,11.19,0.0%
2026-01-22,10150.05,988.50,0.26,2,0.00,1.00,0.00,0.00,0.00,11.19,0.0%
2026-01-23,10143.44,988.10,0.05,2,0.00,1.00,0.00,0.00,0.00,11.19,0.0%
2026-01-26,10148.85,988.60,0.08,2,0.00,1.00,0.00,0.00,0.00,11.19,0.0%
2026-01-27,10207.80,994.30,0.14,2,0.00,1.00,0.00,0.00,0.00,11.19,0.0%
2026-01-28,10154.43,989.00,0.18,2,0.00,1.00,0.00,0.00,0.00,11.19,0.0%
2026-01-29,10171.76,990.90,-0.00,2,0.00,1.00,0.00,0.00,0.00,11.19,0.0%
2026-01-30,10223.54,996.60,0.03,2,0.00,1.00,0.00,0.00,0.00,11.19,0.0%
2026-02-02,10341.56,1008.00,0.33,2,0.00,0.75,0.00,0.00,0.00,11.19,0.0%
2026-02-03,10314.59,1004.60,0.33,2,0.00,0.67,0.00,0.00,0.00,11.19,0.0%
2026-02-04,10402.34,1013.40,0.50,2,0.00,0.80,0.00,0.00,0.00,11.19,0.0%
2026-02-05,10309.22,1004.20,0.26,2,0.00,0.56,0.00,0.00,0.00,11.19,0.0%
2026-02-06,10369.75,1010.20,0.36,2,0.00,0.56,0.00,0.00,0.00,11.19,0.0%
2026-02-09,10386.23,1012.20,0.35,2,0.00,0.68,0.00,0.00,0.00,11.19,0.0%
2026-02-10,10353.84,1009.40,0.48,2,0.00,0.70,0.00,0.00,0.00,11.19,0.0%
2026-02-11,10472.11,1020.40,0.56,2,0.00,0.65,0.00,0.00,0.00,11.19,0.0%
2026-02-12,10402.44,1013.60,0.50,2,0.00,0.73,0.00,0.00,0.00,11.19,0.0%
2026-02-13,10446.35,1018.20,0.47,2,0.00,0.76,0.00,0.00,0.00,11.19,0.0%
2026-02-16,10473.69,1020.40,0.39,2,0.00,0.78,0.00,0.00,0.00,11.19,0.0%
2026-02-17,10556.17,1028.20,0.65,2,0.00,0.79,0.00,0.00,0.00,11.19,0.0%
2026-02-18,10686.18,1042.20,0.91,2,0.00,0.72,0.00,0.00,0.00,11.19,0.0%
2026-02-19,10627.04,1039.00,0.71,2,0.00,0.86,0.00,0.00,0.00,11.19,0.0%
2026-02-20,10686.89,1045.00,0.91,2,0.00,0.84,0.00,0.00,0.00,11.19,0.0%
2026-02-23,10684.74,1044.60,0.70,2,0.00,0.79,0.00,0.00,0.00,11.19,0.0%
2026-02-24,10680.59,1044.00,0.63,2,0.00,0.76,0.00,0.00,0.00,11.19,0.0%
2026-02-25,10806.41,1056.00,0.75,2,0.00,0.86,0.00,0.00,0.00,11.19,0.0%
2026-02-26,10846.70,1061.00,0.89,2,0.00,1.00,0.00,0.00,0.00,11.19,0.0%
2026-02-27,10910.55,1067.60,0.93,2,0.00,0.94,0.00,0.00,0.00,11.19,0.0%
2026-03-02,10780.11,1053.40,0.46,2,0.00,0.54,0.00,0.00,0.00,11.19,0.0%
2026-03-03,10484.13,1025.00,-0.22,2,0.00,0.37,0.00,0.00,0.00,11.19,0.0%
2026-03-04,10567.65,1033.40,-0.17,2,0.00,0.39,0.00,0.00,0.00,11.19,0.0%
2026-03-05,10413.94,1018.60,-0.52,0,0.00,0.42,0.00,0.00,0.00,11.19,0.0%
2026-03-06,10284.75,1006.60,-1.00,0,0.00,0.52,0.00,0.00,0.00,11.19,0.0%
2026-03-09,10249.52,1003.00,-1.39,0,0.00,0.52,0.00,0.00,0.00,11.19,0.0%
2026-03-10,10412.24,1019.40,-1.08,0,0.00,0.56,0.00,0.00,0.00,11.19,0.0%
2026-03-11,10353.77,1013.20,-1.35,0,0.00,0.63,0.00,0.00,0.00,11.19,0.0%
2026-03-12,10305.15,1010.80,-1.43,0,0.00,0.73,0.00,0.00,0.00,11.19,0.0%
2026-03-13,10261.15,1005.80,-1.49,2,0.00,0.84,0.00,0.00,0.00,11.19,0.0%
2026-03-16,10317.69,1011.20,-1.29,2,0.00,0.86,0.00,0.00,0.00,11.19,0.0%
2026-03-17,10403.60,1020.20,-0.85,2,0.00,1.00,0.00,0.00,0.00,11.19,0.0%
2026-03-18,10305.29,1011.00,-0.95,2,0.00,1.00,0.00,0.00,0.00,11.19,0.0%
2026-03-19,10063.50,983.10,-1.47,4,0.92,0.65,0.60,0.60,0.60,11.19,0.0%
2026-03-20,9918.33,968.80,-1.90,5,1.00,0.65,0.65,0.60,0.00,11.09,-0.9%
2026-03-23,9894.15,968.70,-1.93,5,1.00,0.69,0.69,0.60,0.00,11.09,-0.9%
2026-03-24,9965.16,973.60,-1.76,5,1.00,0.76,0.76,0.60,0.00,11.13,-0.6%
2026-03-25,10106.84,987.90,-1.27,5,1.00,0.60,0.60,0.60,0.00,11.22,0.0%
2026-03-26,9972.17,975.50,-1.41,5,1.00,0.83,0.83,0.60,0.00,11.14,-0.7%
2026-03-27,9967.35,975.40,-1.57,5,1.00,1.00,1.00,1.00,0.40,11.14,-0.8%
2026-03-30,10127.96,990.50,-1.20,5,1.00,0.87,0.87,1.00,0.00,11.31,0.0%
2026-03-31,10176.45,995.70,-0.79,5,1.00,0.87,0.87,1.00,0.00,11.37,0.0%
2026-04-01,10364.79,1015.20,-0.24,5,1.00,0.82,0.82,1.00,0.00,11.59,0.0%
2026-04-02,10436.29,1021.60,0.12,5,1.00,1.00,1.00,1.00,0.00,11.67,0.0%
2026-04-07,10348.79,1013.40,-0.08,5,1.00,0.98,0.98,1.00,0.00,11.57,-0.8%
2026-04-08,10608.88,1038.80,0.41,5,1.00,0.86,0.86,1.00,0.00,11.86,0.0%
2026-04-09,10603.48,1039.00,0.50,5,1.00,0.83,0.83,1.00,0.00,11.87,0.0%
2026-04-10,10600.53,1039.00,0.60,4,0.92,0.91,0.84,1.00,0.00,11.87,0.0%
2026-04-13,10582.96,1036.80,0.40,4,0.92,0.89,0.82,1.00,0.00,11.84,-0.2%
2026-04-14,10609.06,1040.40,0.61,4,0.92,1.00,0.92,1.00,0.00,11.88,0.0%
2026-04-15,10559.58,1035.80,0.57,4,0.92,1.00,0.92,1.00,0.00,11.83,-0.4%
2026-04-16,10589.99,1038.40,0.68,4,0.92,1.00,0.92,1.00,0.00,11.86,-0.2%
2026-04-17,10667.63,1045.80,1.06,2,0.00,1.00,0.00,0.00,-1.00,11.94,0.0%
2026-04-20,10609.08,1040.00,0.78,2,0.00,1.00,0.00,0.00,0.00,11.94,0.0%
2026-04-21,10498.09,1029.20,0.54,2,0.00,1.00,0.00,0.00,0.00,11.94,0.0%
2026-04-22,10476.46,1027.60,0.37,2,0.00,1.00,0.00,0.00,0.00,11.94,0.0%
2026-04-23,10457.01,1026.00,0.14,2,0.00,1.00,0.00,0.00,0.00,11.94,0.0%
2026-04-24,10379.08,1019.00,-0.15,4,0.92,1.00,0.92,0.92,0.92,11.94,0.0%
2026-04-27,10321.09,1013.20,-0.44,4,0.92,1.00,0.92,0.92,0.00,11.88,-0.5%
2026-04-28,10332.80,1013.60,-0.64,4,0.92,1.00,0.92,0.92,0.00,11.89,-0.5%
2026-04-29,10213.10,1002.20,-1.06,4,0.92,1.00,0.92,0.92,0.00,11.76,-1.5%
2026-04-30,10378.80,1017.80,-0.76,4,0.92,1.00,0.92,0.92,0.00,11.93,-0.1%
2026-05-01,10363.90,1017.20,-0.51,3,0.02,1.00,0.02,0.02,-0.90,11.92,-0.2%
2026-05-05,10219.10,1003.40,-0.69,3,0.02,1.00,0.02,0.02,0.00,11.92,-0.2%
2026-05-06,10438.70,1024.20,-0.19,3,0.02,0.78,0.02,0.02,0.00,11.93,-0.1%
2026-05-07,10277.00,1009.40,-0.41,3,0.02,0.76,0.02,0.02,0.00,11.92,-0.2%
2026-05-08,10233.10,1005.00,-0.62,3,0.02,0.87,0.02,0.02,0.00,11.92,-0.2%
2026-05-11,10269.40,1008.20,-0.72,3,0.02,0.87,0.02,0.02,0.00,11.92,-0.2%
2026-05-12,10265.30,1007.60,-1.01,3,0.02,1.00,0.02,0.02,0.00,11.92,-0.2%
2026-05-13,10325.40,1014.20,-0.94,3,0.02,1.00,0.02,0.02,0.00,11.92,-0.2%
2026-05-14,10372.90,1020.40,-0.55,3,0.02,1.00,0.02,0.02,0.00,11.93,-0.2%
2026-05-15,10195.40,1003.40,-0.83,3,0.02,1.00,0.02,0.02,0.00,11.92,-0.2%
2026-05-18,10323.80,1015.60,-0.48,3,0.02,1.00,0.02,0.02,0.00,11.92,-0.2%
2026-05-19,10330.60,1016.00,-0.34,3,0.02,1.00,0.02,0.02,0.00,11.92,-0.2%
2026-05-20,10432.30,1026.40,0.04,3,0.02,1.00,0.02,0.02,0.00,11.93,-0.1%
2026-05-21,10443.50,1028.40,0.26,3,0.02,1.00,0.02,0.02,0.00,11.93,-0.1%
2026-05-22,10466.30,1030.80,0.50,3,0.02,1.00,0.02,0.02,0.00,11.93,-0.1%
2026-05-26,10491.40,1033.20,0.64,3,0.02,1.00,0.02,0.02,0.00,11.93,-0.1%
2026-05-27,10505.00,1034.00,0.76,3,0.02,1.00,0.02,0.02,0.00,11.93,-0.1%
2026-05-28,10426.00,1027.80,0.50,3,0.02,1.00,0.02,0.02,0.00,11.93,-0.1%
2026-05-29,10409.30,1025.40,0.40,3,0.02,1.00,0.02,0.02,0.00,11.93,-0.1%
2026-06-01,10339.00,1017.60,0.08,3,0.02,1.00,0.02,0.02,0.00,11.93,-0.2%
2026-06-02,10373.50,1021.80,0.11,3,0.02,1.00,0.02,0.02,0.00,11.93,-0.2%
2026-06-03,10332.30,1018.40,-0.07,3,0.02,1.00,0.02,0.02,0.00,11.93,-0.2%
2026-06-04,10360.32,1021.00,0.19,3,0.02,1.00,0.02,0.02,0.00,11.93,-0.2%
2026-06-05,10368.05,1019.80,0.13,3,0.02,1.00,0.02,0.02,0.00,11.93,-0.2%
2026-06-08,10373.20,1020.20,0.05,3,0.02,1.00,0.02,0.02,0.00,11.93,-0.2%
2026-06-09,10227.33,1005.80,-0.11,3,0.02,1.00,0.02,0.02,0.00,11.92,-0.2%
2026-06-10,10254.81,1008.80,-0.02,3,0.02,1.00,0.02,0.02,0.00,11.92,-0.2%
2026-06-11,10303.88,1014.80,-0.02,3,0.02,1.00,0.02,0.02,0.00,11.92,-0.2%
2026-06-12,10471.72,1030.00,0.45,3,0.02,1.00,0.02,0.02,0.00,11.93,-0.1%
2026-06-15,10430.62,1026.60,0.57,3,0.02,0.96,0.02,0.02,0.00,11.93,-0.1%
2026-06-16,10494.21,1033.40,0.81,3,0.02,1.00,0.02,0.02,0.00,11.93,-0.1%
2026-06-17,10508.61,1034.00,0.82,3,0.02,1.00,0.02,0.02,0.00,11.93,-0.1%
2026-06-18,10399.70,1011.20,0.67,3,0.02,0.75,0.01,0.02,0.00,11.92,-0.2%
2026-06-19,10363.27,1008.00,0.34,3,0.02,0.96,0.02,0.02,0.00,11.92,-0.2%
2026-06-22,10437.85,1014.80,0.45,3,0.02,0.86,0.02,0.02,0.00,11.92,-0.2%
2026-06-23,10428.85,1014.40,0.26,3,0.02,0.93,0.02,0.02,0.00,11.92,-0.2%
2026-06-24,10461.63,1016.80,0.36,3,0.02,0.91,0.02,0.02,0.00,11.93,-0.2%
2026-06-25,10529.89,1025.20,0.47,3,0.02,1.00,0.02,0.02,0.00,11.93,-0.1%
2026-06-26,10508.02,1022.40,0.44,3,0.02,1.00,0.02,0.02,0.00,11.93,-0.1%
2026-06-29,10484.22,1020.20,0.31,3,0.02,1.00,0.02,0.02,0.00,11.93,-0.2%
2026-06-30,10497.12,1021.60,0.24,3,0.02,1.00,0.02,0.02,0.00,11.93,-0.1%
2026-07-01,10478.34,1019.40,0.26,3,0.02,1.00,0.02,0.02,0.00,11.93,-0.2%
2026-07-02,10652.87,1037.60,0.52,3,0.02,0.93,0.02,0.02,0.00,11.93,-0.1%
2026-07-03,10679.03,1039.40,0.71,3,0.02,0.98,0.02,0.02,0.00,11.93,-0.1%
2026-07-06,10651.77,1036.60,0.60,3,0.02,0.97,0.02,0.02,0.00,11.93,-0.1%
