Symbol,Company,Weight,Price,Chg,% Chg,Timestamp
NVDA,Nvidia,6.90%,177.19,-7.70,(-4.16%),2026-03-01T23:17:49.378Z
AAPL,Apple Inc.,6.22%,264.18,-8.77,(-3.21%),2026-03-01T23:17:49.378Z
MSFT,Microsoft,4.68%,392.74,-8.98,(-2.24%),2026-03-01T23:17:49.378Z
AMZN,Amazon,3.61%,210.00,2.08,(1.00%),2026-03-01T23:17:49.378Z
GOOGL,Alphabet Inc. (Class A),3.13%,311.76,4.38,(1.42%),2026-03-01T23:17:49.378Z
GOOG,Alphabet Inc. (Class C),2.92%,311.43,4.28,(1.39%),2026-03-01T23:17:49.378Z
META,Meta Platforms,2.63%,648.18,-8.83,(-1.34%),2026-03-01T23:17:49.378Z
AVGO,Broadcom,2.43%,319.55,-2.15,(-0.67%),2026-03-01T23:17:49.378Z
TSLA,"Tesla, Inc.",2.42%,402.51,-6.07,(-1.49%),2026-03-01T23:17:49.378Z
BRK.B,Berkshire Hathaway,1.75%,504.95,2.28,(0.45%),2026-03-01T23:17:49.378Z
WMT,Walmart,1.64%,127.95,3.53,(2.84%),2026-03-01T23:17:49.378Z
LLY,Lilly (Eli),1.59%,1051.99,29.97,(2.93%),2026-03-01T23:17:49.378Z
JPM,JPMorgan Chase,1.30%,300.30,-5.83,(-1.90%),2026-03-01T23:17:49.378Z
XOM,ExxonMobil,1.02%,152.50,3.96,(2.67%),2026-03-01T23:17:49.378Z
V,Visa Inc.,0.99%,320.14,3.44,(1.09%),2026-03-01T23:17:49.378Z
JNJ,Johnson & Johnson,0.96%,248.43,4.96,(2.04%),2026-03-01T23:17:49.378Z
MU,Micron Technology,0.74%,412.37,-3.19,(-0.77%),2026-03-01T23:17:49.378Z
MA,Mastercard,0.74%,517.21,2.44,(0.47%),2026-03-01T23:17:49.378Z
COST,Costco,0.72%,1010.79,24.05,(2.44%),2026-03-01T23:17:49.378Z
ORCL,Oracle Corporation,0.67%,145.40,-4.91,(-3.27%),2026-03-01T23:17:49.378Z
ABBV,AbbVie,0.66%,232.08,7.39,(3.29%),2026-03-01T23:17:49.378Z
NFLX,Netflix,0.65%,96.24,11.65,(13.77%),2026-03-01T23:17:49.378Z
PG,Procter & Gamble,0.62%,167.20,3.45,(2.11%),2026-03-01T23:17:49.378Z
HD,Home Depot (The),0.61%,380.72,5.63,(1.50%),2026-03-01T23:17:49.378Z
CVX,Chevron Corporation,0.59%,186.76,2.60,(1.41%),2026-03-01T23:17:49.378Z
BAC,Bank of America,0.58%,49.83,-2.47,(-4.72%),2026-03-01T23:17:49.378Z
GE,GE Aerospace,0.58%,342.26,1.42,(0.42%),2026-03-01T23:17:49.378Z
KO,Coca-Cola Company (The),0.56%,81.56,1.06,(1.32%),2026-03-01T23:17:49.378Z
CAT,Caterpillar Inc.,0.55%,742.83,-10.10,(-1.34%),2026-03-01T23:17:49.378Z
PLTR,Palantir Technologies,0.53%,137.19,1.25,(0.92%),2026-03-01T23:17:49.378Z
AMD,Advanced Micro Devices,0.52%,200.21,-3.47,(-1.70%),2026-03-01T23:17:49.378Z
CSCO,Cisco,0.50%,79.46,1.36,(1.74%),2026-03-01T23:17:49.378Z
MRK,Merck & Co.,0.49%,123.82,4.52,(3.79%),2026-03-01T23:17:49.378Z
AMAT,Applied Materials,0.47%,372.30,-3.42,(-0.91%),2026-03-01T23:17:49.378Z
LRCX,Lam Research,0.47%,233.89,-5.18,(-2.17%),2026-03-01T23:17:49.378Z
PM,Philip Morris International,0.47%,186.83,-0.67,(-0.36%),2026-03-01T23:17:49.378Z
RTX,RTX Corporation,0.44%,202.62,4.99,(2.52%),2026-03-01T23:17:49.378Z
UNH,UnitedHealth Group,0.43%,293.27,6.61,(2.31%),2026-03-01T23:17:49.378Z
MS,Morgan Stanley,0.42%,166.51,-10.98,(-6.19%),2026-03-01T23:17:49.378Z
GS,Goldman Sachs,0.41%,859.57,-69.43,(-7.47%),2026-03-01T23:17:49.378Z
WFC,Wells Fargo,0.40%,81.45,-4.85,(-5.62%),2026-03-01T23:17:49.378Z
MCD,McDonald's,0.39%,341.06,6.53,(1.95%),2026-03-01T23:17:49.378Z
TMUS,T-Mobile US,0.38%,217.09,3.94,(1.85%),2026-03-01T23:17:49.378Z
GEV,GE Vernova,0.38%,873.60,-2.86,(-0.33%),2026-03-01T23:17:49.378Z
LIN,Linde plc,0.38%,508.08,9.57,(1.92%),2026-03-01T23:17:49.378Z
PEP,PepsiCo,0.37%,169.74,2.16,(1.29%),2026-03-01T23:17:49.378Z
INTC,Intel,0.37%,45.61,0.15,(0.33%),2026-03-01T23:17:49.378Z
IBM,IBM,0.36%,240.21,-1.80,(-0.74%),2026-03-01T23:17:49.378Z
AXP,American Express,0.34%,308.90,-26.42,(-7.88%),2026-03-01T23:17:49.378Z
VZ,Verizon,0.34%,50.14,1.25,(2.56%),2026-03-01T23:17:49.378Z
AMGN,Amgen,0.34%,388.16,8.83,(2.33%),2026-03-01T23:17:49.378Z
ABT,Abbott Laboratories,0.32%,116.35,0.09,(0.08%),2026-03-01T23:17:49.378Z
KLAC,KLA Corporation,0.32%,1524.55,0.24,(0.02%),2026-03-01T23:17:49.378Z
T,AT&T,0.31%,28.01,0.55,(2.00%),2026-03-01T23:17:49.378Z
TMO,Thermo Fisher Scientific,0.31%,521.11,0.99,(0.19%),2026-03-01T23:17:49.378Z
NEE,NextEra Energy,0.31%,93.77,1.78,(1.93%),2026-03-01T23:17:49.378Z
C,Citigroup,0.31%,110.19,-6.00,(-5.16%),2026-03-01T23:17:49.378Z
TXN,Texas Instruments,0.31%,212.11,-0.52,(-0.24%),2026-03-01T23:17:49.378Z
DIS,Walt Disney Company (The),0.30%,106.04,0.49,(0.46%),2026-03-01T23:17:49.378Z
GILD,Gilead Sciences,0.30%,148.95,5.18,(3.60%),2026-03-01T23:17:49.378Z
CRM,Salesforce,0.29%,194.79,-4.68,(-2.35%),2026-03-01T23:17:49.378Z
APH,Amphenol,0.29%,146.06,-2.41,(-1.62%),2026-03-01T23:17:49.378Z
TJX,TJX Companies,0.29%,161.66,2.97,(1.87%),2026-03-01T23:17:49.378Z
ISRG,Intuitive Surgical,0.29%,503.51,-3.37,(-0.66%),2026-03-01T23:17:49.378Z
BA,Boeing,0.29%,227.53,-1.88,(-0.82%),2026-03-01T23:17:49.378Z
ADI,Analog Devices,0.28%,355.79,1.44,(0.41%),2026-03-01T23:17:49.378Z
DE,Deere & Company,0.27%,629.71,10.25,(1.65%),2026-03-01T23:17:49.378Z
SCHW,Charles Schwab Corporation,0.27%,95.20,-2.32,(-2.38%),2026-03-01T23:17:49.378Z
ANET,Arista Networks,0.27%,133.50,3.25,(2.50%),2026-03-01T23:17:49.378Z
BLK,BlackRock,0.26%,1063.23,-27.04,(-2.48%),2026-03-01T23:17:49.378Z
UNP,Union Pacific Corporation,0.25%,264.98,-0.47,(-0.18%),2026-03-01T23:17:49.378Z
PFE,Pfizer,0.25%,27.65,0.55,(2.03%),2026-03-01T23:17:49.378Z
UBER,Uber,0.25%,75.42,0.62,(0.83%),2026-03-01T23:17:49.378Z
HON,Honeywell,0.25%,243.59,2.71,(1.13%),2026-03-01T23:17:49.378Z
QCOM,Qualcomm,0.24%,142.36,-3.23,(-2.22%),2026-03-01T23:17:49.378Z
LMT,Lockheed Martin,0.24%,658.08,16.45,(2.56%),2026-03-01T23:17:49.378Z
DHR,Danaher Corporation,0.24%,210.64,1.28,(0.61%),2026-03-01T23:17:49.378Z
LOW,Lowe's,0.24%,264.57,0.18,(0.07%),2026-03-01T23:17:49.378Z
SYK,Stryker Corporation,0.24%,387.46,1.40,(0.36%),2026-03-01T23:17:49.378Z
APP,AppLovin Corporation,0.24%,434.77,-10.16,(-2.28%),2026-03-01T23:17:49.378Z
ETN,Eaton Corporation,0.23%,375.92,1.33,(0.36%),2026-03-01T23:17:49.378Z
WELL,Welltower,0.23%,207.12,-1.33,(-0.64%),2026-03-01T23:17:49.378Z
NEM,Newmont,0.23%,130.00,2.53,(1.98%),2026-03-01T23:17:49.378Z
COP,ConocoPhillips,0.22%,113.46,2.76,(2.49%),2026-03-01T23:17:49.378Z
BKNG,Booking Holdings,0.22%,4239.35,-10.91,(-0.26%),2026-03-01T23:17:49.378Z
CB,Chubb Limited,0.21%,340.86,2.94,(0.87%),2026-03-01T23:17:49.378Z
PLD,Prologis,0.21%,142.57,-0.09,(-0.06%),2026-03-01T23:17:49.378Z
SPGI,S&P Global,0.21%,441.88,4.39,(1.00%),2026-03-01T23:17:49.378Z
GLW,Corning Inc.,0.21%,150.38,0.08,(0.05%),2026-03-01T23:17:49.378Z
ACN,Accenture,0.21%,208.72,1.34,(0.65%),2026-03-01T23:17:49.378Z
PH,Parker Hannifin,0.20%,1009.18,-5.79,(-0.57%),2026-03-01T23:17:49.378Z
BMY,Bristol Myers Squibb,0.20%,62.37,1.27,(2.08%),2026-03-01T23:17:49.378Z
VRTX,Vertex Pharmaceuticals,0.20%,496.83,16.70,(3.48%),2026-03-01T23:17:49.378Z
MDT,Medtronic,0.20%,97.66,0.63,(0.65%),2026-03-01T23:17:49.378Z
PGR,Progressive Corporation,0.20%,213.66,1.93,(0.91%),2026-03-01T23:17:49.378Z
COF,Capital One,0.20%,195.64,-12.83,(-6.15%),2026-03-01T23:17:49.378Z
PANW,Palo Alto Networks,0.19%,148.92,-0.48,(-0.32%),2026-03-01T23:17:49.378Z
MCK,McKesson Corporation,0.19%,987.37,12.92,(1.33%),2026-03-01T23:17:49.378Z
CEG,Constellation Energy,0.19%,329.88,6.32,(1.95%),2026-03-01T23:17:49.378Z
HCA,HCA Healthcare,0.19%,529.70,3.82,(0.73%),2026-03-01T23:17:49.378Z
MO,Altria,0.19%,69.04,-0.43,(-0.62%),2026-03-01T23:17:49.378Z
CME,CME Group,0.18%,319.50,3.05,(0.96%),2026-03-01T23:17:49.378Z
BSX,Boston Scientific,0.18%,76.85,1.10,(1.45%),2026-03-01T23:17:49.378Z
INTU,Intuit,0.18%,409.03,14.61,(3.70%),2026-03-01T23:17:49.378Z
NOW,ServiceNow,0.18%,108.01,-1.29,(-1.18%),2026-03-01T23:17:49.378Z
SBUX,Starbucks,0.18%,98.02,-0.06,(-0.06%),2026-03-01T23:17:49.378Z
CMCSA,Comcast,0.18%,30.96,0.11,(0.36%),2026-03-01T23:17:49.378Z
ADBE,Adobe Inc.,0.17%,262.41,3.37,(1.30%),2026-03-01T23:17:49.378Z
SO,Southern Company,0.17%,97.38,1.03,(1.07%),2026-03-01T23:17:49.378Z
HWM,Howmet Aerospace,0.17%,262.53,2.22,(0.85%),2026-03-01T23:17:49.378Z
NOC,Northrop Grumman,0.16%,724.38,13.48,(1.90%),2026-03-01T23:17:49.378Z
TT,Trane Technologies,0.16%,462.32,5.18,(1.13%),2026-03-01T23:17:49.378Z
DUK,Duke Energy,0.16%,130.85,1.62,(1.25%),2026-03-01T23:17:49.378Z
CVS,CVS Health,0.16%,79.90,1.89,(2.42%),2026-03-01T23:17:49.378Z
UPS,United Parcel Service,0.16%,115.96,-0.67,(-0.57%),2026-03-01T23:17:49.378Z
DELL,Dell Technologies,0.16%,148.08,26.63,(21.93%),2026-03-01T23:17:49.378Z
FCX,Freeport-McMoRan,0.16%,68.08,-0.30,(-0.44%),2026-03-01T23:17:49.378Z
WM,Waste Management,0.16%,240.84,6.94,(2.97%),2026-03-01T23:17:49.378Z
GD,General Dynamics,0.15%,357.05,6.33,(1.80%),2026-03-01T23:17:49.378Z
EQIX,Equinix,0.15%,974.26,26.24,(2.77%),2026-03-01T23:17:49.378Z
WDC,Western Digital,0.15%,279.70,-2.55,(-0.90%),2026-03-01T23:17:49.378Z
CRWD,CrowdStrike,0.15%,371.98,-9.12,(-2.39%),2026-03-01T23:17:49.378Z
SNDK,Sandisk Corporation,0.15%,635.36,-16.54,(-2.54%),2026-03-01T23:17:49.378Z
ICE,Intercontinental Exchange,0.15%,164.13,1.24,(0.76%),2026-03-01T23:17:49.378Z
NKE,"Nike, Inc.",0.15%,62.18,-1.77,(-2.77%),2026-03-01T23:17:49.378Z
WMB,Williams Companies,0.15%,74.72,-0.05,(-0.07%),2026-03-01T23:17:49.378Z
FDX,FedEx,0.15%,387.00,-0.68,(-0.18%),2026-03-01T23:17:49.378Z
MAR,Marriott International,0.15%,341.73,-8.84,(-2.52%),2026-03-01T23:17:49.378Z
MRSH,"Marsh & McLennan Companies, Inc.",0.14%,186.74,1.45,(0.78%),2026-03-01T23:17:49.378Z
SHW,Sherwin-Williams,0.14%,362.59,2.09,(0.58%),2026-03-01T23:17:49.378Z
AMT,American Tower,0.14%,191.86,6.85,(3.70%),2026-03-01T23:17:49.378Z
STX,Seagate Technology,0.14%,407.84,-1.83,(-0.45%),2026-03-01T23:17:49.378Z
BX,Blackstone Inc.,0.14%,113.37,-4.58,(-3.88%),2026-03-01T23:17:49.378Z
JCI,Johnson Controls,0.14%,144.30,0.88,(0.61%),2026-03-01T23:17:49.378Z
MMM,3M,0.14%,165.32,-0.85,(-0.51%),2026-03-01T23:17:49.378Z
ECL,Ecolab,0.14%,308.35,1.59,(0.52%),2026-03-01T23:17:49.378Z
ADP,Automatic Data Processing,0.14%,214.36,-4.00,(-1.83%),2026-03-01T23:17:49.378Z
PNC,PNC Financial Services,0.14%,212.35,-10.47,(-4.70%),2026-03-01T23:17:49.378Z
USB,U.S. Bancorp,0.14%,54.66,-2.60,(-4.54%),2026-03-01T23:17:49.378Z
EMR,Emerson Electric,0.14%,150.75,-1.97,(-1.29%),2026-03-01T23:17:49.378Z
MCO,Moody's Corporation,0.14%,477.59,-1.88,(-0.39%),2026-03-01T23:17:49.378Z
RCL,Royal Caribbean Group,0.13%,310.96,-7.98,(-2.50%),2026-03-01T23:17:49.378Z
PWR,Quanta Services,0.13%,563.08,-1.97,(-0.35%),2026-03-01T23:17:49.378Z
ITW,Illinois Tool Works,0.13%,290.63,0.35,(0.12%),2026-03-01T23:17:49.378Z
MNST,Monster Beverage,0.13%,85.30,-1.36,(-1.57%),2026-03-01T23:17:49.378Z
REGN,Regeneron Pharmaceuticals,0.13%,781.67,10.88,(1.41%),2026-03-01T23:17:49.378Z
CDNS,Cadence Design Systems,0.13%,301.40,3.80,(1.28%),2026-03-01T23:17:49.378Z
BK,BNY Mellon,0.13%,119.10,-2.51,(-2.06%),2026-03-01T23:17:49.378Z
ABNB,Airbnb,0.13%,135.11,-1.86,(-1.36%),2026-03-01T23:17:49.378Z
CMI,Cummins,0.13%,583.87,-4.24,(-0.72%),2026-03-01T23:17:49.378Z
CTAS,Cintas,0.13%,201.13,2.85,(1.44%),2026-03-01T23:17:49.378Z
CRH,CRH plc,0.13%,119.98,-1.16,(-0.96%),2026-03-01T23:17:49.378Z
MSI,Motorola Solutions,0.13%,482.26,10.31,(2.18%),2026-03-01T23:17:49.378Z
CL,Colgate-Palmolive,0.13%,99.14,1.59,(1.63%),2026-03-01T23:17:49.378Z
CSX,CSX Corporation,0.13%,42.69,0.04,(0.09%),2026-03-01T23:17:49.378Z
SNPS,Synopsys,0.13%,414.00,-12.00,(-2.82%),2026-03-01T23:17:49.378Z
ORLY,O'Reilly Auto Parts,0.13%,93.88,2.55,(2.79%),2026-03-01T23:17:49.378Z
MDLZ,Mondelez International,0.13%,61.58,1.64,(2.74%),2026-03-01T23:17:49.378Z
KKR,KKR,0.13%,87.68,-5.94,(-6.34%),2026-03-01T23:17:49.378Z
SLB,Schlumberger,0.12%,51.34,-0.15,(-0.29%),2026-03-01T23:17:49.378Z
DASH,DoorDash,0.12%,176.47,-3.94,(-2.18%),2026-03-01T23:17:49.378Z
CI,Cigna,0.12%,289.82,1.00,(0.35%),2026-03-01T23:17:49.378Z
KMI,Kinder Morgan,0.12%,33.27,0.21,(0.64%),2026-03-01T23:17:49.378Z
TDG,TransDigm Group,0.12%,1302.79,-11.47,(-0.87%),2026-03-01T23:17:49.378Z
COR,Cencora,0.12%,372.14,5.49,(1.50%),2026-03-01T23:17:49.378Z
AEP,American Electric Power,0.12%,133.82,1.72,(1.30%),2026-03-01T23:17:49.378Z
AON,Aon,0.12%,335.47,5.20,(1.57%),2026-03-01T23:17:49.378Z
HLT,Hilton Worldwide,0.11%,311.78,-6.05,(-1.90%),2026-03-01T23:17:49.378Z
GM,General Motors,0.11%,78.71,-2.08,(-2.57%),2026-03-01T23:17:49.378Z
RSG,Republic Services,0.11%,229.00,4.41,(1.96%),2026-03-01T23:17:49.378Z
NSC,Norfolk Southern Railway,0.11%,314.74,1.73,(0.55%),2026-03-01T23:17:49.378Z
ELV,Elevance Health,0.11%,320.00,-3.05,(-0.94%),2026-03-01T23:17:49.378Z
WBD,Warner Bros. Discovery,0.11%,28.17,-0.63,(-2.19%),2026-03-01T23:17:49.378Z
HOOD,"Robinhood Markets, Inc.",0.11%,75.85,-3.60,(-4.53%),2026-03-01T23:17:49.378Z
LHX,L3Harris,0.11%,364.54,9.38,(2.64%),2026-03-01T23:17:49.378Z
TEL,TE Connectivity,0.11%,230.15,-5.64,(-2.39%),2026-03-01T23:17:49.378Z
TRV,Travelers Companies (The),0.11%,308.64,2.40,(0.78%),2026-03-01T23:17:49.378Z
EOG,EOG Resources,0.11%,124.08,2.95,(2.44%),2026-03-01T23:17:49.378Z
ROST,Ross Stores,0.11%,205.64,2.14,(1.05%),2026-03-01T23:17:49.378Z
PCAR,Paccar,0.11%,126.09,2.01,(1.62%),2026-03-01T23:17:49.378Z
SPG,Simon Property Group,0.11%,203.85,1.25,(0.62%),2026-03-01T23:17:49.378Z
BKR,Baker Hughes,0.10%,65.26,0.36,(0.55%),2026-03-01T23:17:49.378Z
SRE,Sempra,0.10%,96.27,1.07,(1.12%),2026-03-01T23:17:49.378Z
VLO,Valero Energy,0.10%,204.64,0.85,(0.42%),2026-03-01T23:17:49.378Z
TFC,Truist Financial,0.10%,49.31,-2.19,(-4.25%),2026-03-01T23:17:49.378Z
AZO,AutoZone,0.10%,3755.58,95.58,(2.61%),2026-03-01T23:17:49.378Z
PSX,Phillips 66,0.10%,154.33,1.87,(1.23%),2026-03-01T23:17:49.378Z
O,Realty Income,0.10%,67.00,0.40,(0.60%),2026-03-01T23:17:49.378Z
APD,Air Products,0.10%,275.67,-0.56,(-0.20%),2026-03-01T23:17:49.378Z
DLR,Digital Realty,0.10%,177.20,0.83,(0.47%),2026-03-01T23:17:49.378Z
APO,Apollo Global Management,0.10%,104.60,-9.80,(-8.57%),2026-03-01T23:17:49.378Z
VST,Vistra Corp.,0.09%,173.89,-2.93,(-1.66%),2026-03-01T23:17:49.378Z
FTNT,Fortinet,0.09%,79.03,-0.17,(-0.21%),2026-03-01T23:17:49.378Z
AJG,Arthur J. Gallagher & Co.,0.09%,228.20,2.98,(1.32%),2026-03-01T23:17:49.378Z
AFL,Aflac,0.09%,112.93,-1.04,(-0.91%),2026-03-01T23:17:49.378Z
MPC,Marathon Petroleum,0.09%,198.21,-2.86,(-1.42%),2026-03-01T23:17:49.378Z
NXPI,NXP Semiconductors,0.09%,227.01,-5.22,(-2.25%),2026-03-01T23:17:49.378Z
F,Ford Motor Company,0.09%,14.09,-0.32,(-2.22%),2026-03-01T23:17:49.378Z
ALL,Allstate,0.09%,214.52,1.76,(0.83%),2026-03-01T23:17:49.378Z
MPWR,Monolithic Power Systems,0.09%,1142.74,-37.39,(-3.17%),2026-03-01T23:17:49.378Z
ZTS,Zoetis,0.09%,131.10,1.34,(1.03%),2026-03-01T23:17:49.378Z
AME,Ametek,0.09%,239.22,2.26,(0.95%),2026-03-01T23:17:49.378Z
GWW,W. W. Grainger,0.09%,1144.73,39.21,(3.55%),2026-03-01T23:17:49.378Z
CAH,Cardinal Health,0.09%,229.23,2.10,(0.92%),2026-03-01T23:17:49.378Z
D,Dominion Energy,0.09%,63.14,-0.21,(-0.33%),2026-03-01T23:17:49.378Z
PSA,Public Storage,0.09%,307.06,3.11,(1.02%),2026-03-01T23:17:49.378Z
CTVA,Corteva,0.09%,80.12,1.30,(1.65%),2026-03-01T23:17:49.378Z
CARR,Carrier Global,0.09%,64.40,1.64,(2.61%),2026-03-01T23:17:49.378Z
URI,United Rentals,0.08%,840.00,-18.09,(-2.11%),2026-03-01T23:17:49.378Z
FAST,Fastenal,0.08%,46.04,0.36,(0.79%),2026-03-01T23:17:49.378Z
KEYS,Keysight Technologies,0.08%,307.33,1.30,(0.42%),2026-03-01T23:17:49.378Z
IDXX,Idexx Laboratories,0.08%,656.73,-3.98,(-0.60%),2026-03-01T23:17:49.378Z
OXY,Occidental Petroleum,0.08%,53.08,1.65,(3.21%),2026-03-01T23:17:49.378Z
ADSK,Autodesk,0.08%,245.87,12.42,(5.32%),2026-03-01T23:17:49.378Z
OKE,ONEOK,0.08%,82.77,-1.25,(-1.49%),2026-03-01T23:17:49.378Z
TGT,Target Corporation,0.08%,113.79,-1.00,(-0.87%),2026-03-01T23:17:49.378Z
TRGP,Targa Resources,0.08%,235.80,4.58,(1.98%),2026-03-01T23:17:49.378Z
EXC,Exelon,0.08%,49.47,0.67,(1.37%),2026-03-01T23:17:49.378Z
FIX,"Comfort Systems USA, Inc.",0.08%,1429.37,-8.86,(-0.62%),2026-03-01T23:17:49.378Z
BDX,Becton Dickinson,0.08%,176.48,-0.18,(-0.10%),2026-03-01T23:17:49.378Z
EA,Electronic Arts,0.08%,200.57,-0.50,(-0.25%),2026-03-01T23:17:49.378Z
EW,Edwards Lifesciences,0.08%,86.47,0.57,(0.66%),2026-03-01T23:17:49.378Z
TER,Teradyne,0.08%,320.03,-12.67,(-3.81%),2026-03-01T23:17:49.378Z
NDAQ,"Nasdaq, Inc.",0.08%,87.58,-1.01,(-1.14%),2026-03-01T23:17:49.378Z
FANG,Diamondback Energy,0.08%,174.08,7.10,(4.25%),2026-03-01T23:17:49.378Z
CIEN,Ciena Corporation,0.08%,348.70,7.54,(2.21%),2026-03-01T23:17:49.378Z
XEL,Xcel Energy,0.08%,83.36,-0.11,(-0.13%),2026-03-01T23:17:49.378Z
GRMN,Garmin,0.08%,252.83,-1.33,(-0.52%),2026-03-01T23:17:49.378Z
ETR,Entergy,0.08%,107.11,1.38,(1.31%),2026-03-01T23:17:49.378Z
CMG,Chipotle Mexican Grill,0.08%,37.22,-0.83,(-2.18%),2026-03-01T23:17:49.378Z
HSY,Hershey Company (The),0.08%,236.28,4.78,(2.06%),2026-03-01T23:17:49.378Z
CVNA,Carvana Co.,0.08%,334.16,-19.74,(-5.58%),2026-03-01T23:17:49.378Z
MET,MetLife,0.08%,72.07,-3.87,(-5.10%),2026-03-01T23:17:49.378Z
YUM,Yum! Brands,0.07%,168.16,2.45,(1.48%),2026-03-01T23:17:49.378Z
DHI,D. R. Horton,0.07%,160.39,1.42,(0.89%),2026-03-01T23:17:49.378Z
COIN,Coinbase Global,0.07%,175.85,-5.21,(-2.88%),2026-03-01T23:17:49.378Z
ROK,Rockwell Automation,0.07%,407.45,-3.85,(-0.94%),2026-03-01T23:17:49.378Z
WAB,Wabtec,0.07%,263.95,0.54,(0.21%),2026-03-01T23:17:49.378Z
FITB,Fifth Third Bancorp,0.07%,49.47,-2.50,(-4.81%),2026-03-01T23:17:49.378Z
SYY,Sysco,0.07%,91.16,2.04,(2.29%),2026-03-01T23:17:49.378Z
CCL,Carnival,0.07%,31.55,-1.15,(-3.52%),2026-03-01T23:17:49.378Z
AXON,Axon Enterprise,0.07%,542.40,-7.79,(-1.42%),2026-03-01T23:17:49.378Z
CBRE,CBRE Group,0.07%,147.66,-2.34,(-1.56%),2026-03-01T23:17:49.378Z
AIG,American International Group,0.07%,80.49,0.14,(0.17%),2026-03-01T23:17:49.378Z
KR,Kroger,0.07%,68.24,1.06,(1.58%),2026-03-01T23:17:49.378Z
PEG,Public Service Enterprise Group,0.07%,86.07,0.22,(0.26%),2026-03-01T23:17:49.378Z
AMP,Ameriprise Financial,0.07%,470.12,-16.86,(-3.46%),2026-03-01T23:17:49.378Z
DAL,Delta Air Lines,0.07%,65.70,-4.81,(-6.82%),2026-03-01T23:17:49.378Z
PYPL,PayPal,0.07%,46.21,0.68,(1.49%),2026-03-01T23:17:49.378Z
ODFL,Old Dominion,0.07%,203.05,4.68,(2.36%),2026-03-01T23:17:49.378Z
MSCI,MSCI,0.07%,571.83,-1.04,(-0.18%),2026-03-01T23:17:49.378Z
PCG,PG&E Corporation,0.07%,19.00,0.12,(0.64%),2026-03-01T23:17:49.378Z
KDP,Keurig Dr Pepper,0.07%,30.28,-0.05,(-0.16%),2026-03-01T23:17:49.378Z
VMC,Vulcan Materials Company,0.07%,310.00,1.01,(0.33%),2026-03-01T23:17:49.378Z
VTR,Ventas,0.07%,86.16,-0.28,(-0.32%),2026-03-01T23:17:49.378Z
MLM,Martin Marietta Materials,0.07%,676.57,-1.89,(-0.28%),2026-03-01T23:17:49.378Z
EBAY,eBay,0.07%,90.86,2.96,(3.37%),2026-03-01T23:17:49.378Z
ED,Consolidated Edison,0.07%,112.52,1.76,(1.59%),2026-03-01T23:17:49.378Z
NUE,Nucor,0.06%,176.88,1.27,(0.72%),2026-03-01T23:17:49.378Z
MCHP,Microchip Technology,0.06%,74.64,-0.33,(-0.44%),2026-03-01T23:17:49.378Z
EL,Estée Lauder Companies (The),0.06%,109.47,-2.43,(-2.17%),2026-03-01T23:17:49.378Z
DDOG,Datadog,0.06%,111.96,-4.50,(-3.86%),2026-03-01T23:17:49.378Z
TTWO,Take-Two Interactive,0.06%,211.48,-1.81,(-0.85%),2026-03-01T23:17:49.378Z
CCI,Crown Castle,0.06%,89.54,3.14,(3.63%),2026-03-01T23:17:49.378Z
HIG,Hartford (The),0.06%,140.83,-0.24,(-0.17%),2026-03-01T23:17:49.378Z
XYZ,"Block, Inc.",0.06%,63.70,9.17,(16.82%),2026-03-01T23:17:49.378Z
NRG,NRG Energy,0.06%,178.96,-2.38,(-1.31%),2026-03-01T23:17:49.378Z
GEHC,GE HealthCare,0.06%,84.27,0.35,(0.42%),2026-03-01T23:17:49.378Z
EQT,EQT Corporation,0.06%,61.42,1.68,(2.81%),2026-03-01T23:17:49.378Z
LVS,Las Vegas Sands,0.06%,56.72,0.77,(1.38%),2026-03-01T23:17:49.378Z
WEC,WEC Energy Group,0.06%,116.96,1.17,(1.01%),2026-03-01T23:17:49.378Z
LYV,Live Nation Entertainment,0.06%,162.14,4.23,(2.68%),2026-03-01T23:17:49.378Z
RMD,ResMed,0.06%,256.26,-0.80,(-0.31%),2026-03-01T23:17:49.378Z
ROP,Roper Technologies,0.06%,349.73,-2.42,(-0.69%),2026-03-01T23:17:49.378Z
KMB,Kimberly-Clark,0.06%,111.44,1.06,(0.96%),2026-03-01T23:17:49.378Z
CPRT,Copart,0.06%,38.09,0.94,(2.53%),2026-03-01T23:17:49.378Z
IR,Ingersoll Rand,0.06%,94.14,-0.39,(-0.41%),2026-03-01T23:17:49.378Z
KVUE,Kenvue,0.06%,19.12,0.12,(0.63%),2026-03-01T23:17:49.378Z
TPL,Texas Pacific Land Corporation,0.06%,524.29,11.75,(2.29%),2026-03-01T23:17:49.378Z
OTIS,Otis Worldwide,0.06%,92.56,1.10,(1.20%),2026-03-01T23:17:49.378Z
ACGL,Arch Capital Group,0.06%,100.15,0.50,(0.50%),2026-03-01T23:17:49.378Z
STT,State Street Corporation,0.06%,128.62,-3.65,(-2.76%),2026-03-01T23:17:49.378Z
WDAY,"Workday, Inc.",0.06%,133.76,-5.35,(-3.85%),2026-03-01T23:17:49.378Z
DG,Dollar General,0.06%,156.24,2.24,(1.45%),2026-03-01T23:17:49.378Z
UAL,United Airlines Holdings,0.06%,106.30,-10.13,(-8.70%),2026-03-01T23:17:49.378Z
A,Agilent Technologies,0.06%,121.38,0.41,(0.34%),2026-03-01T23:17:49.378Z
PRU,Prudential Financial,0.05%,98.38,-3.93,(-3.84%),2026-03-01T23:17:49.378Z
HBAN,Huntington Bancshares,0.05%,16.80,-0.74,(-4.22%),2026-03-01T23:17:49.378Z
PAYX,Paychex,0.05%,93.65,-0.83,(-0.88%),2026-03-01T23:17:49.378Z
FISV,"Fiserv, Inc.",0.05%,62.29,0.40,(0.65%),2026-03-01T23:17:49.378Z
FICO,Fair Isaac,0.05%,1409.36,20.92,(1.51%),2026-03-01T23:17:49.378Z
ADM,Archer Daniels Midland,0.05%,69.04,1.62,(2.40%),2026-03-01T23:17:49.378Z
EME,"EMCOR Group, Inc.",0.05%,724.62,-21.56,(-2.89%),2026-03-01T23:17:49.378Z
MTB,M&T Bank,0.05%,216.98,-8.37,(-3.71%),2026-03-01T23:17:49.378Z
VICI,Vici Properties,0.05%,30.21,0.43,(1.44%),2026-03-01T23:17:49.378Z
IRM,Iron Mountain,0.05%,108.33,-1.02,(-0.93%),2026-03-01T23:17:49.378Z
EXR,Extra Space Storage,0.05%,151.03,3.39,(2.30%),2026-03-01T23:17:49.378Z
IBKR,Interactive Brokers Group,0.05%,71.19,-3.37,(-4.52%),2026-03-01T23:17:49.378Z
XYL,Xylem Inc.,0.05%,129.56,-2.37,(-1.80%),2026-03-01T23:17:49.378Z
TDY,Teledyne Technologies,0.05%,681.10,2.28,(0.34%),2026-03-01T23:17:49.378Z
TPR,"Tapestry, Inc.",0.05%,155.47,-5.02,(-3.13%),2026-03-01T23:17:49.378Z
CBOE,Cboe Global Markets,0.05%,299.72,7.42,(2.54%),2026-03-01T23:17:49.378Z
WAT,Waters Corporation,0.05%,319.38,-3.45,(-1.07%),2026-03-01T23:17:49.378Z
AEE,Ameren,0.05%,113.28,1.25,(1.12%),2026-03-01T23:17:49.378Z
ATO,Atmos Energy,0.05%,186.79,3.16,(1.72%),2026-03-01T23:17:49.378Z
CTSH,Cognizant,0.05%,64.43,-0.54,(-0.83%),2026-03-01T23:17:49.378Z
DTE,DTE Energy,0.05%,148.24,1.65,(1.13%),2026-03-01T23:17:49.378Z
DOV,Dover Corporation,0.05%,225.50,-1.64,(-0.72%),2026-03-01T23:17:49.378Z
ULTA,Ulta Beauty,0.05%,684.79,-10.84,(-1.56%),2026-03-01T23:17:49.378Z
IQV,IQVIA,0.05%,178.81,8.17,(4.79%),2026-03-01T23:17:49.378Z
RJF,Raymond James Financial,0.05%,153.08,-6.60,(-4.13%),2026-03-01T23:17:49.378Z
HAL,Halliburton,0.05%,36.00,0.29,(0.81%),2026-03-01T23:17:49.378Z
CHTR,Charter Communications,0.05%,234.63,6.25,(2.74%),2026-03-01T23:17:49.378Z
FE,FirstEnergy,0.05%,51.16,0.52,(1.03%),2026-03-01T23:17:49.378Z
ROL,"Rollins, Inc.",0.05%,60.89,1.13,(1.89%),2026-03-01T23:17:49.378Z
PPL,PPL Corporation,0.05%,38.98,0.38,(0.98%),2026-03-01T23:17:49.378Z
KHC,Kraft Heinz,0.05%,24.61,0.04,(0.16%),2026-03-01T23:17:49.378Z
WTW,Willis Towers Watson,0.05%,305.17,-3.12,(-1.01%),2026-03-01T23:17:49.378Z
VRSK,Verisk Analytics,0.05%,207.57,4.93,(2.43%),2026-03-01T23:17:49.378Z
EIX,Edison International,0.05%,74.74,0.37,(0.50%),2026-03-01T23:17:49.378Z
ES,Eversource Energy,0.05%,76.21,1.16,(1.55%),2026-03-01T23:17:49.378Z
HPE,Hewlett Packard Enterprise,0.05%,21.47,0.63,(3.02%),2026-03-01T23:17:49.378Z
CNP,CenterPoint Energy,0.05%,43.50,0.49,(1.14%),2026-03-01T23:17:49.378Z
DXCM,Dexcom,0.05%,73.43,-0.95,(-1.28%),2026-03-01T23:17:49.378Z
LEN,Lennar,0.05%,114.36,2.36,(2.11%),2026-03-01T23:17:49.378Z
STLD,Steel Dynamics,0.05%,193.13,0.61,(0.32%),2026-03-01T23:17:49.378Z
BIIB,Biogen,0.05%,191.82,3.80,(2.02%),2026-03-01T23:17:49.378Z
JBL,Jabil,0.04%,264.99,-6.92,(-2.54%),2026-03-01T23:17:49.378Z
MTD,Mettler Toledo,0.04%,1366.69,-10.53,(-0.76%),2026-03-01T23:17:49.378Z
PPG,PPG Industries,0.04%,123.27,-0.21,(-0.17%),2026-03-01T23:17:49.378Z
TSCO,Tractor Supply,0.04%,51.84,0.66,(1.29%),2026-03-01T23:17:49.378Z
STZ,Constellation Brands,0.04%,157.86,2.10,(1.35%),2026-03-01T23:17:49.378Z
HUBB,Hubbell Incorporated,0.04%,511.63,-12.56,(-2.40%),2026-03-01T23:17:49.378Z
WRB,W. R. Berkley Corporation,0.04%,71.70,0.12,(0.17%),2026-03-01T23:17:49.378Z
DVN,Devon Energy,0.04%,43.53,0.87,(2.04%),2026-03-01T23:17:49.378Z
NTRS,Northern Trust,0.04%,143.09,-4.50,(-3.05%),2026-03-01T23:17:49.378Z
AWK,American Water Works,0.04%,136.03,1.71,(1.27%),2026-03-01T23:17:49.378Z
Q,Qnity Electronics,0.04%,126.76,1.98,(1.59%),2026-03-01T23:17:49.378Z
OMC,Omnicom Group,0.04%,85.29,0.58,(0.68%),2026-03-01T23:17:49.378Z
EXPE,Expedia Group,0.04%,215.69,-2.24,(-1.03%),2026-03-01T23:17:49.378Z
FIS,Fidelity National Information Services,0.04%,50.96,-0.09,(-0.18%),2026-03-01T23:17:49.378Z
PHM,PulteGroup,0.04%,137.20,1.54,(1.14%),2026-03-01T23:17:49.378Z
ON,ON Semiconductor,0.04%,66.48,-1.68,(-2.46%),2026-03-01T23:17:49.378Z
EXE,Expand Energy,0.04%,107.92,1.63,(1.53%),2026-03-01T23:17:49.378Z
CFG,Citizens Financial Group,0.04%,60.19,-3.67,(-5.75%),2026-03-01T23:17:49.378Z
CINF,Cincinnati Financial,0.04%,163.98,-1.22,(-0.74%),2026-03-01T23:17:49.378Z
DLTR,Dollar Tree,0.04%,126.48,-0.47,(-0.37%),2026-03-01T23:17:49.378Z
EFX,Equifax,0.04%,208.96,1.11,(0.53%),2026-03-01T23:17:49.378Z
AVB,AvalonBay Communities,0.04%,177.23,-2.44,(-1.36%),2026-03-01T23:17:49.378Z
CHD,Church & Dwight,0.04%,104.86,1.19,(1.15%),2026-03-01T23:17:49.378Z
STE,Steris,0.04%,252.35,-2.35,(-0.92%),2026-03-01T23:17:49.378Z
ARES,Ares Management Corporation,0.04%,112.01,-6.07,(-5.14%),2026-03-01T23:17:49.378Z
DRI,Darden Restaurants,0.04%,213.85,-0.98,(-0.46%),2026-03-01T23:17:49.378Z
SW,Smurfit WestRock,0.04%,47.01,0.54,(1.16%),2026-03-01T23:17:49.378Z
WSM,Williams-Sonoma,0.04%,205.65,-5.73,(-2.71%),2026-03-01T23:17:49.378Z
BRO,Brown & Brown,0.04%,71.82,0.60,(0.84%),2026-03-01T23:17:49.378Z
LUV,Southwest Airlines,0.04%,49.26,-1.67,(-3.28%),2026-03-01T23:17:49.378Z
VLTO,Veralto,0.04%,97.43,-0.59,(-0.60%),2026-03-01T23:17:49.378Z
GIS,General Mills,0.04%,45.23,0.30,(0.67%),2026-03-01T23:17:49.378Z
RF,Regions Financial Corporation,0.04%,27.83,-1.53,(-5.21%),2026-03-01T23:17:49.378Z
SYF,Synchrony Financial,0.04%,69.11,-4.87,(-6.58%),2026-03-01T23:17:49.378Z
CMS,CMS Energy,0.04%,78.07,1.02,(1.32%),2026-03-01T23:17:49.378Z
EQR,Equity Residential,0.04%,63.21,-0.91,(-1.42%),2026-03-01T23:17:49.378Z
LH,LabCorp,0.04%,289.12,1.50,(0.52%),2026-03-01T23:17:49.378Z
DGX,Quest Diagnostics,0.04%,211.91,0.81,(0.38%),2026-03-01T23:17:49.378Z
BG,Bunge Global,0.04%,120.65,1.23,(1.03%),2026-03-01T23:17:49.378Z
CTRA,Coterra,0.04%,30.59,0.58,(1.93%),2026-03-01T23:17:49.378Z
IP,International Paper,0.04%,43.55,0.42,(0.97%),2026-03-01T23:17:49.378Z
HUM,Humana,0.04%,190.54,3.71,(1.99%),2026-03-01T23:17:49.378Z
TSN,Tyson Foods,0.04%,64.99,1.38,(2.17%),2026-03-01T23:17:49.378Z
KEY,KeyCorp,0.04%,20.74,-1.12,(-5.12%),2026-03-01T23:17:49.378Z
CPAY,Corpay,0.04%,325.10,-9.02,(-2.70%),2026-03-01T23:17:49.378Z
L,Loews Corporation,0.04%,110.02,0.59,(0.54%),2026-03-01T23:17:49.378Z
NI,NiSource,0.04%,47.30,0.60,(1.28%),2026-03-01T23:17:49.378Z
AMCR,Amcor,0.04%,48.43,0.19,(0.39%),2026-03-01T23:17:49.378Z
LDOS,Leidos,0.04%,175.10,-0.76,(-0.43%),2026-03-01T23:17:49.378Z
JBHT,J.B. Hunt,0.04%,233.41,5.19,(2.27%),2026-03-01T23:17:49.378Z
CNC,Centene Corporation,0.04%,44.88,1.95,(4.54%),2026-03-01T23:17:49.378Z
DOW,Dow Inc.,0.04%,30.73,0.83,(2.78%),2026-03-01T23:17:49.378Z
CHRW,C.H. Robinson,0.04%,185.25,1.17,(0.64%),2026-03-01T23:17:49.378Z
RL,Ralph Lauren Corporation,0.04%,362.60,-16.25,(-4.29%),2026-03-01T23:17:49.378Z
LULU,Lululemon Athletica,0.03%,185.17,-0.93,(-0.50%),2026-03-01T23:17:49.378Z
BR,Broadridge Financial Solutions,0.03%,185.87,2.61,(1.42%),2026-03-01T23:17:49.378Z
SBAC,SBA Communications,0.03%,201.16,8.99,(4.68%),2026-03-01T23:17:49.378Z
GPN,Global Payments,0.03%,76.46,-1.39,(-1.79%),2026-03-01T23:17:49.378Z
FSLR,First Solar,0.03%,197.20,-2.90,(-1.45%),2026-03-01T23:17:49.378Z
IFF,International Flavors & Fragrances,0.03%,82.23,1.29,(1.59%),2026-03-01T23:17:49.378Z
ALB,Albemarle Corporation,0.03%,178.67,-6.26,(-3.39%),2026-03-01T23:17:49.378Z
NVR,"NVR, Inc.",0.03%,7517.79,83.65,(1.13%),2026-03-01T23:17:49.378Z
MRNA,Moderna,0.03%,53.57,1.86,(3.60%),2026-03-01T23:17:49.378Z
VRSN,Verisign,0.03%,227.94,2.65,(1.18%),2026-03-01T23:17:49.378Z
PKG,Packaging Corporation of America,0.03%,232.14,0.31,(0.13%),2026-03-01T23:17:49.378Z
PFG,Principal Financial Group,0.03%,95.42,-2.08,(-2.13%),2026-03-01T23:17:49.378Z
TROW,T. Rowe Price,0.03%,94.63,-1.83,(-1.90%),2026-03-01T23:17:49.378Z
DD,DuPont,0.03%,50.04,-0.31,(-0.62%),2026-03-01T23:17:49.378Z
INCY,Incyte,0.03%,101.27,1.18,(1.18%),2026-03-01T23:17:49.378Z
SNA,Snap-on,0.03%,385.22,-1.45,(-0.37%),2026-03-01T23:17:49.378Z
LII,Lennox International,0.03%,569.94,25.53,(4.69%),2026-03-01T23:17:49.378Z
NTAP,NetApp,0.03%,99.03,-0.11,(-0.11%),2026-03-01T23:17:49.378Z
ZBH,Zimmer Biomet,0.03%,98.44,-2.55,(-2.53%),2026-03-01T23:17:49.378Z
EXPD,Expeditors International,0.03%,145.03,0.31,(0.21%),2026-03-01T23:17:49.378Z
SMCI,Supermicro,0.03%,32.39,0.11,(0.34%),2026-03-01T23:17:49.378Z
EVRG,Evergy,0.03%,83.66,0.67,(0.81%),2026-03-01T23:17:49.378Z
MKC,McCormick & Company,0.03%,71.04,1.78,(2.57%),2026-03-01T23:17:49.378Z
CSGP,CoStar Group,0.03%,44.63,-0.37,(-0.82%),2026-03-01T23:17:49.378Z
PTC,PTC Inc.,0.03%,156.59,-0.60,(-0.38%),2026-03-01T23:17:49.378Z
LNT,Alliant Energy,0.03%,72.34,0.89,(1.25%),2026-03-01T23:17:49.378Z
FTV,Fortive,0.03%,59.20,-0.60,(-1.00%),2026-03-01T23:17:49.378Z
LYB,LyondellBasell,0.03%,57.52,1.22,(2.17%),2026-03-01T23:17:49.378Z
WST,West Pharmaceutical Services,0.03%,254.34,5.32,(2.14%),2026-03-01T23:17:49.378Z
BALL,Ball Corporation,0.03%,67.13,0.50,(0.75%),2026-03-01T23:17:49.378Z
WY,Weyerhaeuser,0.03%,24.53,0.01,(0.04%),2026-03-01T23:17:49.378Z
TKO,TKO Group Holdings,0.03%,223.87,0.06,(0.03%),2026-03-01T23:17:49.378Z
HII,Huntington Ingalls Industries,0.03%,444.52,1.52,(0.34%),2026-03-01T23:17:49.378Z
HPQ,HP Inc.,0.03%,18.99,0.18,(0.96%),2026-03-01T23:17:49.378Z
PODD,Insulet Corporation,0.03%,246.61,-4.89,(-1.94%),2026-03-01T23:17:49.378Z
VTRS,Viatris,0.03%,14.93,-0.32,(-2.10%),2026-03-01T23:17:49.378Z
TXT,Textron,0.03%,98.65,0.02,(0.02%),2026-03-01T23:17:49.378Z
HOLX,Hologic,0.03%,75.36,0.13,(0.17%),2026-03-01T23:17:49.378Z
DECK,Deckers Brands,0.03%,117.27,-2.14,(-1.79%),2026-03-01T23:17:49.378Z
ESS,Essex Property Trust,0.03%,255.11,-7.63,(-2.90%),2026-03-01T23:17:49.378Z
GPC,Genuine Parts Company,0.03%,119.26,2.40,(2.05%),2026-03-01T23:17:49.378Z
COO,Cooper Companies (The),0.03%,83.67,-0.34,(-0.40%),2026-03-01T23:17:49.378Z
NDSN,Nordson Corporation,0.03%,293.44,0.82,(0.28%),2026-03-01T23:17:49.378Z
PNR,Pentair,0.03%,99.19,-1.25,(-1.24%),2026-03-01T23:17:49.378Z
J,Jacobs Solutions,0.03%,137.86,-1.90,(-1.36%),2026-03-01T23:17:49.378Z
INVH,Invitation Homes,0.03%,26.34,0.04,(0.15%),2026-03-01T23:17:49.378Z
CDW,CDW,0.03%,122.64,-0.75,(-0.61%),2026-03-01T23:17:49.378Z
TRMB,Trimble Inc.,0.03%,66.87,-1.36,(-1.99%),2026-03-01T23:17:49.378Z
KIM,Kimco Realty,0.03%,23.55,-0.09,(-0.38%),2026-03-01T23:17:49.378Z
IEX,IDEX Corporation,0.03%,209.47,-0.12,(-0.06%),2026-03-01T23:17:49.378Z
MAA,Mid-America Apartment Communities,0.03%,133.86,-2.01,(-1.48%),2026-03-01T23:17:49.378Z
APTV,Aptiv,0.03%,73.54,-3.50,(-4.54%),2026-03-01T23:17:49.378Z
CF,CF Industries,0.02%,99.54,2.38,(2.45%),2026-03-01T23:17:49.378Z
CLX,Clorox,0.02%,127.16,0.27,(0.21%),2026-03-01T23:17:49.378Z
FFIV,"F5, Inc.",0.02%,271.36,-6.16,(-2.22%),2026-03-01T23:17:49.378Z
TYL,Tyler Technologies,0.02%,354.69,1.58,(0.45%),2026-03-01T23:17:49.378Z
AVY,Avery Dennison,0.02%,196.35,3.41,(1.77%),2026-03-01T23:17:49.378Z
PSKY,Paramount Skydance Corp,0.02%,13.51,2.33,(20.84%),2026-03-01T23:17:49.378Z
MAS,Masco,0.02%,71.62,-0.78,(-1.08%),2026-03-01T23:17:49.378Z
REG,Regency Centers,0.02%,79.00,0.58,(0.74%),2026-03-01T23:17:49.378Z
AKAM,Akamai Technologies,0.02%,98.39,-1.51,(-1.51%),2026-03-01T23:17:49.378Z
ERIE,Erie Indemnity,0.02%,269.44,0.74,(0.28%),2026-03-01T23:17:49.378Z
HRL,Hormel Foods,0.02%,25.60,0.78,(3.14%),2026-03-01T23:17:49.378Z
HAS,Hasbro,0.02%,99.59,-0.77,(-0.77%),2026-03-01T23:17:49.378Z
ALLE,Allegion,0.02%,161.15,0.74,(0.46%),2026-03-01T23:17:49.378Z
BEN,Franklin Resources,0.02%,26.54,-0.89,(-3.24%),2026-03-01T23:17:49.378Z
GEN,Gen Digital,0.02%,22.57,-0.23,(-1.01%),2026-03-01T23:17:49.378Z
EG,Everest Group,0.02%,335.49,-2.33,(-0.69%),2026-03-01T23:17:49.378Z
ALGN,Align Technology,0.02%,190.10,0.90,(0.48%),2026-03-01T23:17:49.378Z
DPZ,Domino's,0.02%,402.51,3.22,(0.81%),2026-03-01T23:17:49.378Z
HST,Host Hotels & Resorts,0.02%,19.59,-0.71,(-3.50%),2026-03-01T23:17:49.378Z
SWK,Stanley Black & Decker,0.02%,86.49,-1.16,(-1.32%),2026-03-01T23:17:49.378Z
BF.B,Brown–Forman,0.02%,28.86,0.38,(1.33%),2026-03-01T23:17:49.378Z
GNRC,Generac,0.02%,225.37,-8.98,(-3.83%),2026-03-01T23:17:49.378Z
BBY,Best Buy,0.02%,61.97,-0.89,(-1.42%),2026-03-01T23:17:49.378Z
UHS,Universal Health Services,0.02%,206.10,1.77,(0.87%),2026-03-01T23:17:49.378Z
SOLV,Solventum,0.02%,74.20,-2.74,(-3.56%),2026-03-01T23:17:49.378Z
SJM,J.M. Smucker Company (The),0.02%,115.95,-0.05,(-0.04%),2026-03-01T23:17:49.378Z
UDR,"UDR, Inc.",0.02%,37.50,-0.59,(-1.55%),2026-03-01T23:17:49.378Z
AES,AES Corporation,0.02%,17.28,1.03,(6.34%),2026-03-01T23:17:49.378Z
DOC,Healthpeak Properties,0.02%,17.68,0.17,(0.97%),2026-03-01T23:17:49.378Z
PNW,Pinnacle West,0.02%,100.30,0.76,(0.76%),2026-03-01T23:17:49.378Z
GDDY,GoDaddy,0.02%,87.16,0.96,(1.11%),2026-03-01T23:17:49.378Z
JKHY,Jack Henry & Associates,0.02%,162.46,1.38,(0.86%),2026-03-01T23:17:49.378Z
IVZ,Invesco,0.02%,26.26,-0.83,(-3.06%),2026-03-01T23:17:49.378Z
FOX,Fox Corporation (Class B),0.02%,51.73,-0.30,(-0.58%),2026-03-01T23:17:49.378Z
GL,Globe Life,0.02%,145.26,-0.82,(-0.56%),2026-03-01T23:17:49.378Z
BLDR,Builders FirstSource,0.02%,104.29,-0.27,(-0.26%),2026-03-01T23:17:49.378Z
TTD,"The Trade Desk, Inc.",0.02%,23.82,-0.13,(-0.54%),2026-03-01T23:17:49.378Z
AIZ,Assurant,0.02%,229.59,0.15,(0.07%),2026-03-01T23:17:49.378Z
FOXA,Fox Corporation (Class A),0.02%,56.34,-0.48,(-0.84%),2026-03-01T23:17:49.378Z
NCLH,Norwegian Cruise Line Holdings,0.02%,24.79,-0.23,(-0.92%),2026-03-01T23:17:49.378Z
WYNN,Wynn Resorts,0.02%,108.19,-1.92,(-1.74%),2026-03-01T23:17:49.378Z
CPT,Camden Property Trust,0.02%,108.34,-1.90,(-1.72%),2026-03-01T23:17:49.378Z
IT,Gartner,0.02%,157.20,1.40,(0.90%),2026-03-01T23:17:49.378Z
ZBRA,Zebra Technologies,0.02%,223.96,-11.07,(-4.71%),2026-03-01T23:17:49.378Z
RVTY,Revvity,0.02%,98.31,-0.70,(-0.71%),2026-03-01T23:17:49.378Z
AOS,A. O. Smith,0.02%,78.00,0.85,(1.10%),2026-03-01T23:17:49.378Z
APA,APA Corporation,0.02%,30.37,1.27,(4.36%),2026-03-01T23:17:49.378Z
BAX,Baxter International,0.02%,20.37,0.01,(0.05%),2026-03-01T23:17:49.378Z
DVA,DaVita,0.02%,156.30,3.76,(2.46%),2026-03-01T23:17:49.378Z
HSIC,Henry Schein,0.02%,82.39,0.92,(1.13%),2026-03-01T23:17:49.378Z
MGM,MGM Resorts,0.02%,36.86,-0.76,(-2.02%),2026-03-01T23:17:49.378Z
FRT,Federal Realty Investment Trust,0.02%,108.77,0.33,(0.30%),2026-03-01T23:17:49.378Z
ARE,Alexandria Real Estate Equities,0.02%,54.04,-1.08,(-1.96%),2026-03-01T23:17:49.378Z
TECH,Bio-Techne,0.01%,59.00,1.08,(1.86%),2026-03-01T23:17:49.378Z
CAG,Conagra Brands,0.01%,19.25,0.52,(2.78%),2026-03-01T23:17:49.378Z
TAP,Molson Coors Beverage Company,0.01%,48.99,0.95,(1.98%),2026-03-01T23:17:49.378Z
BXP,"BXP, Inc.",0.01%,57.58,-3.59,(-5.87%),2026-03-01T23:17:49.378Z
NWSA,News Corp (Class A),0.01%,24.29,-0.03,(-0.12%),2026-03-01T23:17:49.378Z
SWKS,Skyworks Solutions,0.01%,59.58,-0.03,(-0.05%),2026-03-01T23:17:49.378Z
MOS,Mosaic Company (The),0.01%,27.84,0.68,(2.50%),2026-03-01T23:17:49.378Z
CRL,Charles River Laboratories,0.01%,178.49,3.03,(1.73%),2026-03-01T23:17:49.378Z
POOL,Pool Corporation,0.01%,227.18,3.87,(1.73%),2026-03-01T23:17:49.378Z
FDS,FactSet,0.01%,216.81,2.54,(1.19%),2026-03-01T23:17:49.378Z
CPB,Campbell Soup Company,0.01%,26.95,0.09,(0.34%),2026-03-01T23:17:49.378Z
MOH,Molina Healthcare,0.01%,154.05,7.69,(5.25%),2026-03-01T23:17:49.378Z
EPAM,EPAM Systems,0.01%,141.00,2.38,(1.72%),2026-03-01T23:17:49.378Z
MTCH,Match Group,0.01%,31.60,-0.62,(-1.92%),2026-03-01T23:17:49.378Z
PAYC,Paycom,0.01%,125.83,-3.96,(-3.05%),2026-03-01T23:17:49.378Z
LW,Lamb Weston,0.01%,48.19,0.74,(1.56%),2026-03-01T23:17:49.378Z
NWS,News Corp (Class B),0.01%,26.78,-0.16,(-0.59%),2026-03-01T23:17:49.378Z
