Symbol,Name,"Wtd Alpha",Latest,Change,%Change,"52W High","52W Low","52W %Chg",Time
A,"Agilent Technologies",-12.85,115.07,-3.04,-2.57%,160.27,96.43,-9.07%,"16:10 ET"
AAPL,"Apple Inc",+10.91,257.46,-2.83,-1.09%,288.62,169.21,+9.40%,"16:14 ET"
ABBV,"Abbvie Inc",+11.57,230.11,-2.24,-0.96%,244.81,164.39,+9.19%,"16:10 ET"
ABNB,"Airbnb Inc Cl A",+2.85,133.23,-2.62,-1.93%,143.88,99.88,-1.14%,"16:14 ET"
ABT,"Abbott Laboratories",-22.75,109.56,-1.48,-1.33%,139.15,105.27,-18.89%,"16:13 ET"
ACGL,"Arch Capital Grp Ltd",+8.30,97.21,0.14,+0.14%,103.39,82.44,+6.38%,"16:10 ET"
ACN,"Accenture Plc",-37.45,215,1,+0.47%,342.89,188.73,-37.11%,"16:14 ET"
ADBE,"Adobe Systems Inc",-36.29,283.62,1.88,+0.67%,452.51,244.28,-36.23%,"16:14 ET"
ADI,"Analog Devices",+48.32,315.81,-13.91,-4.22%,363.2,158.65,+41.77%,"16:13 ET"
ADM,"Archer Daniels Midland",+37.94,67.44,0.91,+1.37%,70.48,40.98,+40.32%,"16:10 ET"
ADP,"Automatic Data Processing",-29.60,226.26,3.56,+1.60%,329.93,203.26,-25.20%,"16:12 ET"
ADSK,"Autodesk Inc",-6.00,260.99,-3.13,-1.19%,329.09,215.01,+0.23%,"16:10 ET"
AEE,"Ameren Corp",+16.22,111.52,0.11,+0.10%,113.64,91.77,+14.80%,"16:11 ET"
AEP,"American Electric Power Company",+30.01,131.87,-0.17,-0.13%,134.6,97.46,+28.54%,"16:11 ET"
AES,"The Aes Corp",+21.99,14.15,-0.07,-0.49%,17.65,9.46,+30.17%,"16:14 ET"
AFL,"Aflac Inc",+3.80,111.29,0.25,+0.23%,119.32,96.95,+3.09%,"16:10 ET"
AIG,"American International Group",-3.82,78.72,-1.35,-1.69%,88.07,71.25,-3.15%,"16:10 ET"
AIZ,"Assurant Inc",+8.84,222.91,-4.27,-1.88%,246.31,174.97,+10.75%,"16:10 ET"
AJG,"Arthur J. Gallagher & Company",-32.64,228.13,-0.82,-0.36%,351.23,195,-32.87%,"16:10 ET"
AKAM,"Akamai Technologies",+23.45,99.89,-1.11,-1.10%,113.5,67.51,+20.63%,"16:10 ET"
ALB,"Albemarle Corp",+140.46,162.29,-1.64,-1.00%,206,49.43,+112.20%,"16:14 ET"
ALGN,"Align Technology",+25.13,174,-1.6,-0.91%,208.3,122,+1.16%,"16:11 ET"
ALL,"Allstate Corp",+7.09,212.32,0.69999999999999,+0.33%,216.75,176,+7.54%,"16:10 ET"
ALLE,"Allegion Plc",+5.68,150.37,-1.89,-1.24%,183.11,116.57,+18.08%,"16:13 ET"
AMAT,"Applied Materials",+119.29,324.74,-21.79,-6.29%,395.95,123.74,+114.29%,"16:14 ET"
AMCR,"Amcor Plc",-13.22,43.28,-0.41,-0.94%,52.25,38.33,-14.38%,"16:14 ET"
AMD,"Adv Micro Devices",+55.11,192.44,-7.01,-3.51%,267.08,76.48,+94.68%,"16:14 ET"
AME,"Ametek Inc",+25.60,221.98,-4.86,-2.14%,242.05,145.02,+20.55%,"16:10 ET"
AMGN,"Amgen Inc",+22.79,369.53,1.93,+0.53%,391.29,261.43,+16.27%,"16:12 ET"
AMP,"Ameriprise Financial Services",-8.75,464.89,-8.,-1.69%,550.18,396.14,-7.57%,"16:10 ET"
AMT,"American Tower Corp",-10.55,188.59,0.95000000000002,+0.51%,234.33,166.88,-8.86%,"16:10 ET"
AMZN,"Amazon.com Inc",+2.53,213.12,-5.82,-2.66%,258.6,161.38,+6.19%,"16:14 ET"
ANET,"Arista Networks Inc",+49.73,132.89,-6.51,-4.67%,164.94,59.43,+57.56%,"16:14 ET"
AON,"AON Plc",-13.40,340.6,1.83,+0.54%,407.07,304.59,-15.19%,"16:10 ET"
AOS,"Smith A.O. Corp",+2.72,71.01,-1.01,-1.40%,81.86,58.83,+4.07%,"16:10 ET"
APA,"Apa Corp",+105.49,32.68,0.3,+0.93%,33.38,13.58,+74.29%,"16:10 ET"
APD,"Air Products and Chemicals",-9.75,272.18,-4.17,-1.51%,318.66,229.11,-12.47%,"16:10 ET"
APH,"Amphenol Corp",+84.07,131.87,-4.37,-3.21%,167.04,56.45,+113.55%,"16:14 ET"
APO,"Apollo Asset Management Inc",-24.03,108.7,-2.54,-2.28%,157.28,99.56,-19.35%,"16:13 ET"
APP,"Applovin Corp Cl A",+60.70,502.14,-6.42,-1.26%,745.61,200.5,+93.41%,"16:14 ET"
APTV,"Aptiv Plc",+4.37,72.7,0.49,+0.68%,88.93,47.19,+11.61%,"16:11 ET"
ARE,"Alexandria Real Estate Equities",-45.73,50.73,-1.06,-2.05%,105.14,44.1,-49.17%,"16:10 ET"
ARES,"Ares Management LP",-38.85,110.01,-7.03,-6.01%,195.26,106.02,-28.27%,"16:12 ET"
ATO,"Atmos Energy Corp",+25.61,185.04,-0.34,-0.18%,187.98,141.59,+26.44%,"16:10 ET"
AVB,"Avalonbay Communities",-16.77,177.89,-1.4,-0.78%,222.38,166.73,-18.59%,"16:10 ET"
AVGO,"Broadcom Ltd",+51.63,330.45,-2.32,-0.70%,414.61,138.1,+84.15%,"16:14 ET"
AVY,"Avery Dennison Corp",-0.95,179.64,-4.09,-2.23%,199.54,156.23,-1.51%,"16:10 ET"
AWK,"American Water Works",-3.91,137.49,2.86,+2.12%,155.5,121.28,-0.50%,"16:11 ET"
AXON,"Axon Enterprise Inc",-6.56,574.01,3.52,+0.62%,885.91,396.41,+14.96%,"16:12 ET"
AXP,"American Express Company",+0.89,301,-6.21,-2.02%,387.49,220.43,+9.20%,"16:13 ET"
AZO,Autozone,-2.21,3641.29,-100.73,-2.69%,4388.11,3210.72,+0.71%,"16:14 ET"
BA,"Boeing Company",+43.09,231.11,9.05,+4.08%,254.35,128.88,+45.88%,"16:14 ET"
BAC,"Bank of America Corp",+11.15,48.64,-1.17,-2.35%,57.55,33.06,+17.32%,"16:14 ET"
BALL,"Ball Corporation",+22.03,62.53,-0.69,-1.09%,68.29,43.51,+19.84%,"16:10 ET"
BAX,"Baxter International Inc",-47.89,17.69,-0.91,-4.89%,37.74,17.4,-50.08%,"16:10 ET"
BBY,"Best Buy Company",-14.94,66.68,1.08,+1.65%,84.99,54.99,-15.17%,"16:14 ET"
BDX,"Becton Dickinson and Company",+1.34,167.12,-2.82,-1.66%,187.35,127.59,-5.66%,"16:10 ET"
BEN,"Franklin Resources",+29.19,26.24,-0.68,-2.53%,28.32,16.25,+30.81%,"16:10 ET"
BF.B,"Brown Forman Inc Cl B",-30.79,25.26,-0.86,-3.29%,38.85,25.12,-29.40%,"16:12 ET"
BG,"Bunge Ltd",+60.63,116.67,3.47,+3.07%,124.78,68.33,+56.29%,"16:13 ET"
BIIB,"Biogen Inc",+31.86,184.87,-3.21,-1.71%,202.41,110.04,+25.45%,"16:10 ET"
BK,"Bank of New York Mellon Corp",+32.28,115.23,-1.48,-1.27%,128.76,70.46,+36.06%,"16:10 ET"
BKNG,"Booking Holdings Inc",-9.83,4550.43,-62.85,-1.36%,5839.41,3765.45,-3.10%,"16:10 ET"
BKR,"Baker Hughes Company",+50.91,59.81,-0.38,-0.63%,67,33.6,+42.74%,"16:14 ET"
BLDR,"Builders Firstsource",-35.27,93.12,-2.39,-2.50%,151.03,89.79,-30.65%,"16:10 ET"
BLK,"Blackrock Inc",-6.58,955.45,-79.55,-7.69%,1219.94,773.74,-0.44%,"16:14 ET"
BMY,"Bristol-Myers Squibb Company",+12.15,60.29,-0.45,-0.74%,63.33,42.52,+0.18%,"16:11 ET"
BR,"Broadridge Financial Solutions Llc",-21.52,196.88,5.99,+3.14%,271.91,163.71,-17.22%,"16:10 ET"
BRK.B,"Berkshire Hathaway Cl B",+0.77,498.98,-1.42,-0.28%,542.07,455.18,+0.23%,"16:14 ET"
BRO,"Brown & Brown",-38.23,73.5,0.38,+0.52%,125.68,65.68,-38.08%,"16:10 ET"
BSX,"Boston Scientific Corp",-36.28,71.35,-1.64,-2.25%,109.5,70.75,-29.22%,"16:11 ET"
BX,"Blackstone Inc",-33.16,110.4,-5.15,-4.46%,190.09,105.09,-24.19%,"16:12 ET"
BXP,"Bxp Inc",-30.25,52.94,-2.53,-4.56%,79.33,52.82,-20.59%,"16:14 ET"
C,"Citigroup Inc",+43.88,106.53,-2.42,-2.22%,125.16,55.51,+50.94%,"16:13 ET"
CAG,"Conagra Brands Inc",-23.49,19.02,0.41,+2.20%,28.51,15.96,-26.79%,"16:10 ET"
CAH,"Cardinal Health",+69.50,217.78,1.76,+0.81%,233.6,120.72,+71.47%,"16:14 ET"
CARR,"Carrier Global Corp",-13.26,58.35,-2.05,-3.39%,81.09,50.24,-10.74%,"16:13 ET"
CAT,"Caterpillar Inc",+100.21,680.9,-25.18,-3.57%,789.81,267.3,+99.67%,"16:13 ET"
CB,"Chubb Ltd",+18.60,328,-4.46,-1.34%,345.67,264.1,+14.57%,"16:10 ET"
CBOE,"CBOE Global Markets Inc",+46.23,301.27,3.78,+1.27%,305.68,200.88,+41.44%,"16:10 ET"
CBRE,"CBRE Group Inc",-3.48,136.83,-4.36,-3.09%,174.27,108.45,+2.37%,"16:10 ET"
CCI,"Crown Castle Inc",-8.96,90.43,0.32000000000001,+0.36%,115.76,77.01,-4.99%,"16:10 ET"
CCL,"Carnival Corp",+11.09,25.79,-1.37,-5.04%,34.03,15.07,+23.57%,"16:14 ET"
CDNS,"Cadence Design Sys",+10.55,296.94,-2.9,-0.97%,376.45,221.56,+22.12%,"16:12 ET"
CDW,"CDW Corp",-30.74,123.42,-0.89,-0.72%,192.3,118.44,-26.21%,"16:10 ET"
CEG,"Constellation Energy Corp",+33.59,319.06,-13.01,-3.92%,412.7,161.35,+53.62%,"16:14 ET"
CF,"Cf Industries Holdings",+61.90,115.78,5,+4.51%,120.39,67.34,+51.13%,"16:14 ET"
CFG,"Citizens Financial Group Inc/Ri",+38.08,58.04,-1.5,-2.52%,68.79,32.6,+36.98%,"16:10 ET"
CHD,"Church & Dwight Company",-2.23,100.7,0.84,+0.84%,116.46,81.33,-9.19%,"16:10 ET"
CHRW,"C.H. Robinson Ww",+78.32,179.64,-5.17,-2.80%,203.34,84.68,+83.08%,"16:10 ET"
CHTR,"Charter Communications Inc",-35.63,232.24,2.3,+1.00%,437.06,180.38,-39.35%,"16:10 ET"
CI,"The Cigna Group",-15.94,271.63,-9.64,-3.43%,350,239.51,-13.94%,"16:10 ET"
CIEN,"Ciena Corp",+337.60,294.17,-5.13,-1.71%,365.9,49.21,+329.88%,"16:14 ET"
CINF,"Cincinnati Financial",+17.25,165.39,-0.95,-0.57%,174.27,123.01,+17.49%,"16:10 ET"
CL,"Colgate-Palmolive Company",+3.69,93.56,0.89,+0.96%,100.18,74.54,+0.29%,"16:10 ET"
CLX,"Clorox Company",-20.26,114.66,0.96,+0.84%,153.9,96.66,-22.72%,"16:12 ET"
CMCSA,"Comcast Corp A",-9.82,31.91,0.31,+0.98%,37.97,25.75,-12.02%,"16:10 ET"
CME,"CME Group Inc",+27.95,317.1,0.29,+0.09%,329.16,248.53,+24.82%,"16:13 ET"
CMG,"Chipotle Mexican Grill",-27.37,35.37,-1.69,-4.56%,58.42,29.75,-31.28%,"16:14 ET"
CMI,"Cummins Inc",+62.16,539.23,-16.84,-3.03%,617.98,260.02,+56.36%,"16:10 ET"
CMS,"Cms Energy Corp",+8.48,77.16,-0.04,-0.05%,78.47,67.71,+7.71%,"16:10 ET"
CNC,"Centene Corp",+4.67,43.65,0.38,+0.88%,66.03,25.08,-26.58%,"16:10 ET"
CNP,"Centerpoint Energy Inc",+28.71,43.61,0.21,+0.48%,44.04,33.28,+30.57%,"16:11 ET"
COF,"Capital One Financial Corp",-2.62,187.71,-6.56,-3.38%,259.64,143.22,+6.57%,"16:14 ET"
COIN,"Coinbase Global Inc Cl A",-33.23,197.2,-8.51,-4.14%,444.64,139.36,-7.92%,"16:14 ET"
COO,"Cooper Companies",-6.48,76.55,-3.65,-4.55%,89.83,61.78,-15.86%,"16:10 ET"
COP,Conocophillips,+38.79,117.07,0.25,+0.21%,122.5,79.88,+32.13%,"16:13 ET"
COR,"Cencora Inc",+37.41,358.46,-0.82,-0.23%,377.54,251.94,+41.25%,"16:10 ET"
COST,"Costco Wholesale",+5.83,998.1,15.53,+1.58%,1067.08,844.06,-2.78%,"16:14 ET"
CPAY,"Corpay Inc",-4.68,314.4,-9.93,-3.06%,361.99,252.84,-8.27%,"16:10 ET"
CPB,"The Campbell's Company",-37.52,25.78,0.72,+2.87%,43.85,24.86,-35.21%,"16:13 ET"
CPRT,"Copart Inc",-30.72,37.74,-0.28,-0.74%,63.85,33.81,-29.76%,"16:14 ET"
CPT,"Camden Property Trust",-10.17,106.53,-2.11,-1.94%,124.6,97.17,-12.55%,"16:10 ET"
CRH,"CRH Plc ADR",+3.76,106.41,-4.3,-3.88%,131.55,76.75,+7.72%,"16:10 ET"
CRL,"Charles River Laboratories Intl",+9.71,174.46,-6.86,-3.78%,228.88,91.86,+3.07%,"16:10 ET"
CRM,"Salesforce Inc",-31.11,202.11,0.72,+0.36%,296.05,174.57,-29.34%,"16:14 ET"
CRWD,"Crowdstrike Holdings Inc",+13.86,428.99,2.83,+0.66%,566.9,298,+23.37%,"16:14 ET"
CSCO,"Cisco Systems Inc",+24.73,78.64,-1.37,-1.71%,88.18,52.11,+24.02%,"16:13 ET"
CSGP,"Costar Group Inc",-47.41,48.38,-0.53,-1.08%,97.43,43.16,-37.05%,"16:10 ET"
CSX,"CSX Corp",+30.85,39.95,-1.2,-2.92%,43.35,26.22,+29.16%,"16:14 ET"
CTAS,"Cintas Corp",+1.14,203.61,-0.92,-0.45%,229.24,180.39,+1.50%,"16:10 ET"
CTRA,"Coterra Energy Inc",+28.10,31.03,-0.12,-0.39%,32.67,22.33,+21.64%,"16:12 ET"
CTSH,"Cognizant Tech Sol",-21.88,66.26,0.48,+0.73%,87.03,60.03,-20.70%,"16:10 ET"
CTVA,"Corteva Inc",+27.89,76.96,0.36999999999999,+0.48%,80.9,53.4,+26.45%,"16:10 ET"
CVNA,"Carvana Company Cl A",+30.24,317.7,-13.46,-4.06%,486.89,148.25,+70.03%,"16:14 ET"
CVS,"CVS Corp",+16.64,77.92,-0.77,-0.98%,85.15,58.35,+19.42%,"16:13 ET"
CVX,"Chevron Corp",+31.62,189.94,0.04,+0.02%,192.34,132.04,+24.18%,"16:14 ET"
D,"Dominion Energy Inc",+14.83,63.24,0.24,+0.38%,67.57,48.07,+17.79%,"16:10 ET"
DAL,"Delta Air Lines Inc",+8.27,59.01,-2.3,-3.75%,76.39,34.74,+7.37%,"16:14 ET"
DASH,"Doordash Inc Cl A",-13.00,179.17,-4.31,-2.35%,285.5,155.4,-0.52%,"16:13 ET"
DD,"Dupont Denemours Inc",+49.46,45.26,-1.46,-3.13%,52.66,22.5,+37.34%,"16:12 ET"
DDOG,"Datadog Inc Cl A",+5.46,125.75,3.39,+2.77%,201.69,81.63,+12.82%,"16:14 ET"
DE,"Deere & Company",+25.61,589.77,-0.92,-0.16%,674.19,404.42,+22.15%,"16:13 ET"
DECK,"Deckers Outdoor Corp",-12.43,104.25,-3.33,-3.10%,133.43,78.91,-20.98%,"16:10 ET"
DELL,"Dell Technologies Inc",+57.94,146.48,-0.04,-0.03%,168.08,66.25,+57.47%,"16:13 ET"
DG,"Dollar General Corp",+75.43,146.31,-0.24,-0.16%,158.23,74.67,+91.91%,"16:14 ET"
DGX,"Quest Diagnostics Inc",+16.21,199.21,-4.77,-2.34%,213.5,157.2,+16.04%,"16:14 ET"
DHI,"D.R. Horton",+6.72,147.26,-2.62,-1.75%,184.54,110.44,+9.93%,"16:10 ET"
DHR,"Danaher Corp",-9.88,195.5,-6.5,-3.22%,242.8,171,-8.99%,"16:11 ET"
DIS,"Walt Disney Company",-7.31,101.54,-0.87,-0.85%,124.69,80.1,-3.69%,"16:14 ET"
DLR,"Digital Realty Trust",+16.99,176.19,-3.56,-1.98%,184.79,129.95,+18.71%,"16:14 ET"
DLTR,"Dollar Tree Inc",+52.33,115.82,-0.09,-0.08%,142.4,61.8,+67.61%,"16:10 ET"
DOC,"Healthpeak Properties Inc",-12.68,17.28,-0.13,-0.75%,21.28,15.71,-14.16%,"16:13 ET"
DOV,"Dover Corp",+16.85,208.42,-7.16,-3.32%,237.54,143.04,+12.04%,"16:10 ET"
DOW,"Dow Inc",+8.27,33.28,-0.44,-1.30%,38.36,20.4,-11.11%,"16:13 ET"
DPZ,"Domino's Pizza Inc",-13.05,408.41,5.71,+1.42%,499.08,370.7,-14.96%,"16:10 ET"
DRI,"Darden Restaurants",+4.29,203.18,-3.03,-1.47%,228.27,169,+5.65%,"16:10 ET"
DTE,"Dte Energy Company",+16.99,150.13,1.49,+1.00%,154.63,123.69,+15.01%,"16:11 ET"
DUK,"Duke Energy Corp",+16.12,132.5,0.89,+0.68%,132.65,111.22,+15.38%,"16:14 ET"
DVA,"Davita Healthcare Partners Inc",+1.41,150.76,0.81999999999999,+0.55%,159.42,101,+7.41%,"16:10 ET"
DVN,"Devon Energy Corp",+40.23,44.48,-0.04,-0.09%,46.15,25.89,+31.33%,"16:13 ET"
DXCM,"Dexcom Inc",-11.98,68.1,-2.59,-3.66%,89.98,54.11,-14.35%,"16:10 ET"
EA,"Electronic Arts Inc",+36.83,198,-2.76,-1.37%,204.88,131.15,+44.75%,"16:14 ET"
EBAY,"Ebay Inc",+30.10,92.71,-0.33,-0.35%,101.15,58.71,+36.60%,"16:10 ET"
ECL,"Ecolab Inc",+6.78,282.69,-4.24,-1.48%,309.27,221.62,+6.17%,"16:10 ET"
ED,"Consolidated Edison Company",+12.24,112.28,1.57,+1.42%,115.25,94.96,+11.27%,"16:10 ET"
EFX,"Equifax Inc",-19.10,207.83,0.95000000000002,+0.46%,281.03,166.02,-15.43%,"16:10 ET"
EG,"Everest Re Group",-6.23,334.11,1.27,+0.38%,370.2,302.44,-8.10%,"16:10 ET"
EIX,"Edison International",+36.97,71.76,0.54,+0.76%,75.5,47.73,+30.28%,"16:13 ET"
EL,"Estee Lauder Companies",+20.20,92.72,-3.15,-3.29%,121.64,48.37,+29.61%,"16:14 ET"
ELV,"Elevance Health Inc",-31.00,289.64,3.16,+1.10%,458.75,273.71,-28.09%,"16:14 ET"
EME,"Emcor Group",+74.48,705.79,-13.22,-1.84%,835,320.89,+88.28%,"16:11 ET"
EMR,"Emerson Electric Company",+14.91,138.36,-3.86,-2.71%,165.15,90.06,+18.93%,"16:13 ET"
EOG,"Eog Resources",+14.43,131.41,0.38,+0.29%,133.88,101.59,+7.55%,"16:14 ET"
EPAM,"Epam Systems Inc",-29.10,145.87,1.29,+0.89%,222.53,125.57,-26.06%,"16:10 ET"
EQIX,"Equinix Inc",+16.74,936.9,-16.1,-1.69%,992.9,701.41,+7.45%,"16:10 ET"
EQR,"Equity Residential",-10.52,62.72,-0.39,-0.62%,73.14,58.38,-12.78%,"16:10 ET"
EQT,"Eqt Corp",+32.02,61.96,0.29,+0.47%,63.06,43.57,+34.23%,"16:14 ET"
ERIE,"Erie Indemnity Company",-40.64,259.85,-9.85,-3.65%,456.93,247.01,-42.24%,"16:10 ET"
ES,"Eversource Energy",+23.20,74.44,0.56999999999999,+0.77%,76.41,52.28,+26.79%,"16:10 ET"
ESS,"Essex Property Trust",-13.39,255.13,-3.11,-1.20%,310.1,243.25,-15.36%,"16:10 ET"
ETN,"Eaton Corp",+15.85,347.75,-7.04,-1.98%,408.45,231.85,+25.29%,"16:14 ET"
ETR,"Entergy Corp",+31.14,104.7,-0.78,-0.74%,107.93,75.57,+28.97%,"16:10 ET"
EVRG,"Evergy Inc",+28.98,83.36,0.46,+0.55%,85.23,61.94,+26.82%,"16:10 ET"
EW,"Edwards Lifesciences Corp",+12.91,81.64,-2.25,-2.68%,87.89,65.94,+13.70%,"16:10 ET"
EXC,"Exelon Corp",+16.92,49.36,0.59,+1.21%,49.88,41.71,+15.11%,"16:11 ET"
EXE,"Expand Energy Corporation",+7.17,106.84,0.17,+0.16%,126.62,91.01,+11.01%,"16:10 ET"
EXPD,"Expeditors Intl",+20.26,146.86,0.14000000000001,+0.10%,167.19,100.47,+21.63%,"16:10 ET"
EXPE,"Expedia Group Inc",+36.66,249.62,-1.92,-0.76%,303.8,130.01,+35.61%,"16:12 ET"
EXR,"Extra Space Storage Inc",-2.70,146.62,-0.88,-0.60%,160.58,121.03,-5.44%,"16:10 ET"
F,"Ford Motor Company",+14.82,12.15,-0.19,-1.54%,14.8,8.44,+26.43%,"16:14 ET"
FANG,"Diamondback Energy",+39.70,180.54,1.5,+0.84%,183.36,114,+29.05%,"16:14 ET"
FAST,"Fastenal Company",+16.30,46.46,-0.84,-1.78%,50.63,35.31,+19.36%,"16:12 ET"
FCX,"Freeport-Mcmoran Inc",+75.16,59.36,-3.3,-5.27%,69.75,27.66,+57.54%,"16:14 ET"
FDS,"Factset Research Systems Inc",-51.76,225.87,0.95000000000002,+0.42%,474.79,185,-48.86%,"16:10 ET"
FDX,"Fedex Corp",+58.72,359.1,-14.25,-3.82%,392.86,194.29,+43.76%,"16:14 ET"
FE,"Firstenergy Corp",+32.94,50.84,0.52,+1.03%,51.39,37.58,+32.85%,"16:10 ET"
FFIV,"F5 Inc",+4.18,286.22,2.58,+0.91%,346,223.76,+3.79%,"16:10 ET"
FICO,"Fair Isaac and Company",-18.52,1476,0.91000000000008,+0.06%,2217.6,1193.09,-18.75%,"16:10 ET"
FIS,"Fidelity National Information Services",-34.16,51.49,0.91,+1.80%,82.74,46.16,-26.85%,"16:10 ET"
FISV,"Fiserv Inc",-54.05,63.09,-0.77,-1.21%,227,57.79,-71.32%,"16:10 ET"
FITB,"Fifth Third Bancorp",+18.18,47.31,-1.38,-2.84%,55.44,32.25,+18.69%,"16:10 ET"
FIX,"Comfort Systems USA",+261.18,1279.06,-69.16,-5.13%,1500,276.44,+289.84%,"16:12 ET"
FOX,"Fox Corp Cl B",+2.38,54.31,0.81,+1.51%,68.18,43.18,+5.46%,"16:10 ET"
FOXA,"Fox Corp Cl A",+3.66,59.78,1.09,+1.86%,76.39,46.42,+7.96%,"16:11 ET"
FRT,"Federal Realty Investment Trust",+10.93,107.55,-1.12,-1.03%,110.89,80.65,+6.56%,"16:10 ET"
FSLR,"First Solar Inc",+10.67,189.21,-2.59,-1.35%,285.99,116.56,+44.29%,"16:12 ET"
FTNT,"Fortinet Inc",-10.88,83.67,-0.75,-0.89%,109.33,70.12,-17.74%,"16:10 ET"
FTV,"Fortive Corp",-11.05,57.39,-0.64,-1.10%,77.08,46.34,-25.66%,"16:10 ET"
GD,"General Dynamics Corp",+33.72,363.49,2.79,+0.77%,369.7,239.2,+37.40%,"16:12 ET"
GDDY,"Godaddy Inc",-50.12,93.95,0.82000000000001,+0.88%,193.55,73.06,-45.42%,"16:10 ET"
GE,"GE Aerospace",+59.39,323.11,-3.88,-1.19%,348.48,159.36,+64.81%,"16:14 ET"
GEHC,"GE Healthcare Technologies Inc",-8.08,74.27,-2.84,-3.68%,89.77,57.65,-13.04%,"16:14 ET"
GEN,"Gen Digital Inc",-24.26,22.61,0,0.00%,32.22,21.33,-17.27%,"16:10 ET"
GEV,"GE Vernova Inc",+150.49,789.23,-25.78,-3.16%,894.93,252.25,+169.17%,"16:14 ET"
GILD,"Gilead Sciences Inc",+30.70,143.96,-1.18,-0.81%,157.29,93.37,+24.06%,"16:14 ET"
GIS,"General Mills",-28.87,44.29,0.72,+1.65%,67.35,42.78,-28.82%,"16:13 ET"
GL,"Globe Life Inc",+13.95,142.18,-1.19,-0.83%,152.71,109.38,+14.27%,"16:10 ET"
GLW,"Corning Inc",+178.28,123.29,-11.45,-8.50%,162.1,37.31,+170.91%,"16:14 ET"
GM,"General Motors Company",+55.76,75.21,-0.99,-1.30%,87.62,41.6,+59.34%,"16:13 ET"
GNRC,"Generac Holdings Inc",+47.79,204.02,-14.79,-6.76%,241.09,99.5,+55.87%,"16:14 ET"
GOOG,"Alphabet Cl C",+68.34,298.3,-2.61,-0.87%,350.15,142.66,+71.23%,"16:14 ET"
GOOGL,"Alphabet Cl A",+70.26,298.48,-2.4,-0.80%,349,140.53,+73.18%,"16:14 ET"
GPC,"Genuine Parts Company",-14.53,115.52,-0.5275,-0.45%,151.57,104.01,-8.27%,"16:10 ET"
GPN,"Global Payments Inc",-20.68,76.4,-1.89,-2.41%,101.32,65.93,-23.71%,"16:10 ET"
GRMN,"Garmin Ltd",+16.66,243.48,3.31,+1.38%,261.69,169.26,+9.72%,"16:14 ET"
GS,"Goldman Sachs Group",+38.77,821.42,-14.04,-1.68%,984.7,439.38,+44.70%,"16:14 ET"
GWW,"W.W. Grainger",+13.57,1112.79,-32.92,-2.87%,1218.63,893.99,+11.75%,"16:10 ET"
HAL,"Halliburton Company",+52.40,34.05,-0.11,-0.32%,37.03,18.72,+39.26%,"16:13 ET"
HAS,"Hasbro Inc",+50.81,94.49,-0.88,-0.92%,106.98,49,+48.78%,"16:10 ET"
HBAN,"Huntington Bancshares Inc",+4.03,16.31,-0.37,-2.22%,19.45,11.91,+7.80%,"16:11 ET"
HCA,"Hca Holdings Inc",+63.30,532.81,-1.66,-0.31%,552.9,310.18,+65.60%,"16:10 ET"
HD,"Home Depot",-6.53,357.92,-3.76,-1.04%,426.75,326.31,-6.24%,"16:13 ET"
HIG,"The Hartford Insurance Group Inc",+17.52,139.25,-0.43,-0.31%,144.5,107.49,+19.33%,"16:10 ET"
HII,"Huntington Ingalls Industries",+123.13,429.11,7.94,+1.89%,460,177.42,+121.27%,"16:14 ET"
HLT,"Hilton Inc",+22.41,298.64,-8.72,-2.84%,333.86,196.04,+18.92%,"16:10 ET"
HOLX,"Hologic Inc",+20.08,75.74,-0.01,-0.01%,75.75,51.9,+21.18%,"16:14 ET"
HON,"Honeywell International Inc",+21.36,235.29,-3.09,-1.30%,248.18,169.21,+18.06%,"16:13 ET"
HOOD,"Robinhood Markets Inc Cl A",+21.58,77.09,-3.47,-4.31%,153.86,29.66,+71.92%,"16:14 ET"
HPE,"Hewlett Packard Enterprise Comp",+23.28,21.13,-0.34,-1.58%,26.44,11.97,+17.65%,"16:14 ET"
HPQ,"HP Inc",-37.05,19.46,0.12,+0.62%,30.61,17.56,-35.07%,"16:14 ET"
HRL,"Hormel Foods Corp",-17.29,24.42,0.23,+0.95%,32.07,21.03,-15.79%,"16:12 ET"
HSIC,"Henry Schein Inc",+8.48,77.6,-2.57,-3.21%,89.29,60.56,+6.36%,"16:10 ET"
HST,"Host Marriott Financial Trust",+22.78,19.23,-0.73,-3.66%,21,12.22,+21.71%,"16:10 ET"
HSY,"Hershey Foods Corp",+31.03,224.99,-1.59,-0.70%,239.48,150.04,+24.99%,"16:10 ET"
HUBB,"Hubbell Inc B",+29.94,471.54,-4.97,-1.04%,533.8,299.42,+36.17%,"16:10 ET"
HUM,"Humana Inc",-31.70,179.15,-1.6,-0.89%,315.35,169.61,-32.59%,"16:14 ET"
HWM,"Howmet Aerospace Inc",+97.83,250.13,-2.26,-0.90%,267.31,105.04,+100.92%,"16:11 ET"
IBKR,"Interactive Brokers",+33.48,66.7,-1.35,-1.98%,79.18,32.82,+40.64%,"16:14 ET"
IBM,"Intl Business Machines",-5.34,258.85,2.3,+0.90%,324.9,214.5,+4.09%,"16:14 ET"
ICE,"Intercontinental Exchange",-2.43,166.19,2.19,+1.34%,189.35,143.17,-2.04%,"16:10 ET"
IDXX,"Idexx Laboratories",+25.28,608.41,-10.51,-1.70%,769.98,356.14,+41.81%,"16:11 ET"
IEX,"Idex Corp",+11.68,197.9,-5.43,-2.67%,217.15,153.36,+5.56%,"16:10 ET"
IFF,"International Flavors & Fragrances",-5.10,73.77,-1.61,-2.14%,84.45,59.14,-10.10%,"16:10 ET"
INCY,"Incyte Corp",+34.56,95.94,-1.39,-1.43%,112.29,53.56,+36.88%,"16:13 ET"
INTC,"Intel Corp",+102.14,43.42,-2.53,-5.51%,54.6,17.67,+109.25%,"16:14 ET"
INTU,"Intuit Inc",-31.13,481.17,14.38,+3.08%,813.7,349,-20.65%,"16:14 ET"
INVH,"Invitation Homes Inc",-23.65,26.21,-0.21,-0.79%,35.8,25.21,-22.43%,"16:10 ET"
IP,"International Paper Company",-24.38,39.53,-1.78,-4.31%,56.64,35.56,-23.55%,"16:12 ET"
IQV,"Iqvia Holdings Inc",-14.80,174.49,-4.01,-2.25%,247.04,134.65,-5.92%,"16:10 ET"
IR,"Ingersoll Rand Inc",+4.34,86.43,-4.08,-4.51%,100.96,65.61,+1.98%,"16:14 ET"
IRM,"Iron Mountain Inc",+24.75,105.18,-2.12,-1.98%,115.24,72.33,+27.04%,"16:10 ET"
ISRG,"Intuitive Surg Inc",-8.77,490.16,-6.54,-1.32%,603.88,425,-8.99%,"16:14 ET"
IT,"Gartner Inc",-57.29,169,-1.98,-1.16%,485.33,139.18,-65.02%,"16:10 ET"
ITW,"Illinois Tool Works Inc",+6.22,277.16,-5.35,-1.89%,303.15,214.66,+4.55%,"16:10 ET"
IVZ,"Invesco Plc",+43.84,23.67,-1.06,-4.29%,29.61,11.6,+50.29%,"16:10 ET"
J,"Jacobs Engineering Group Inc",+5.56,136.79,0.69,+0.51%,168.44,106.23,+10.67%,"16:14 ET"
JBHT,"J B Hunt Transport",+43.12,213.39,-12.97,-5.73%,236,122.79,+31.51%,"16:10 ET"
JBL,"Jabil Circuit",+62.23,241.09,-11.12,-4.41%,281.37,108.66,+74.39%,"16:14 ET"
JCI,"Johnson Controls Intl",+61.33,132.4,-4.78,-3.48%,146.49,68.03,+63.32%,"16:10 ET"
JKHY,"Jack Henry & Assoc",-7.02,171.83,4.78,+2.86%,196,144.12,-6.36%,"16:10 ET"
JNJ,"Johnson & Johnson",+53.44,240.4,0.77,+0.32%,251.71,141.5,+44.97%,"16:14 ET"
JPM,"JP Morgan Chase & Company",+12.46,289.48,-4.07,-1.39%,337.25,202.16,+17.42%,"16:14 ET"
KDP,"Keurig Dr Pepper Inc",-14.66,28.25,0.2,+0.71%,36.12,25.03,-15.75%,"16:10 ET"
KEY,Keycorp,+23.81,19.86,-0.51,-2.50%,23.34,12.73,+24.67%,"16:10 ET"
KEYS,"Keysight Technologies Inc",+80.65,272.43,-12.08,-4.25%,317,121.43,+76.31%,"16:10 ET"
KHC,"Kraft Heinz Company",-20.31,24.54,0.31,+1.28%,33.35,21.99,-21.55%,"16:13 ET"
KIM,"Kimco Realty Corp",+13.12,23.28,0.030000000000001,+0.13%,23.91,17.93,+8.43%,"16:10 ET"
KKR,"KKR & Company LP",-31.07,91.33,-4.26,-4.46%,153.87,84.52,-21.36%,"16:14 ET"
KLAC,"K L A-Tencor Corp",+85.42,1344.55,-84.81,-5.93%,1693.35,551.33,+94.26%,"16:14 ET"
KMB,"Kimberly-Clark Corp",-27.05,104.58,-0.33,-0.31%,150.45,96.26,-26.56%,"16:10 ET"
KMI,"Kinder Morgan Inc",+35.08,33.58,0.19,+0.57%,34.24,23.94,+27.63%,"16:14 ET"
KO,"Coca-Cola Company",+11.22,77.04,0.01,+0.01%,82,65.35,+9.34%,"16:14 ET"
KR,"Kroger Company",+14.71,74.11,2.54,+3.55%,74.9,58.6,+16.20%,"16:13 ET"
KVUE,"Kenvue Inc",-17.72,18.39,0.14,+0.77%,25.17,14.02,-20.66%,"16:10 ET"
L,"Loews Corp",+28.61,109.66,-0.34,-0.31%,114.9,78.98,+29.19%,"16:10 ET"
LDOS,"Leidos Holdings Inc",+20.42,177.89,2.23,+1.27%,205.77,128.32,+33.69%,"16:11 ET"
LEN,"Lennar Corp",-22.92,101.17,-3.13,-3.00%,144.24,98.42,-19.80%,"16:11 ET"
LH,"Laboratory Corp of America Holdings",+6.54,269.67,-6.25,-2.27%,293.72,209.38,+6.14%,"16:10 ET"
LHX,"L3Harris Technologies Inc",+71.55,366.61,6.51,+1.81%,379.23,195.72,+71.48%,"16:14 ET"
LII,"Lennox International",-13.43,517.47,-11.25,-2.13%,689.44,443.19,-11.38%,"16:10 ET"
LIN,"Linde Plc",+7.00,484.74,-5.32,-1.09%,510.65,387.78,+3.99%,"16:11 ET"
LLY,"Eli Lilly and Company",+19.82,990.33,7.07,+0.72%,1133.95,623.78,+8.50%,"16:14 ET"
LMT,"Lockheed Martin Corp",+57.04,671.77,16.77,+2.56%,692,410.11,+45.56%,"16:14 ET"
LNT,"Alliant Energy Corp",+16.90,71.57,0.23,+0.32%,72.65,57.09,+15.06%,"16:10 ET"
LOW,"Lowe's Companies",+4.60,251.89,-2.82,-1.11%,293.06,206.38,+3.45%,"16:10 ET"
LRCX,"Lam Research Corp",+153.76,199.33,-15.35,-7.15%,256.68,56.32,+160.66%,"16:14 ET"
LULU,"Lululemon Athletica",-46.16,170.13,-3.05,-1.76%,348.5,159.25,-51.10%,"16:13 ET"
LUV,"Southwest Airlines Company",+44.87,41.56,-2.34,-5.33%,55.11,23.82,+40.74%,"16:14 ET"
LVS,"Las Vegas Sands",+14.36,53.6,-1.54,-2.79%,70.45,30.18,+18.09%,"16:13 ET"
LW,"Lamb Weston Holdings Inc",-12.62,46.03,0.38,+0.83%,67.07,39.79,-10.97%,"16:10 ET"
LYB,"Lyondellbasell Industries NV",+6.15,67.11,1.23,+1.87%,78.41,41.58,-11.59%,"16:12 ET"
LYV,"Live Nation Entertainment",+20.19,156.13,-3.65,-2.28%,175.25,112.88,+19.08%,"16:10 ET"
MA,"Mastercard Inc",-7.12,522.34,-2.32,-0.44%,601.77,465.59,-5.00%,"16:13 ET"
MAA,"Mid-America Apartment Communities",-18.16,132.79,-1.62,-1.21%,171.56,125.75,-20.38%,"16:10 ET"
MAR,"Marriot Int Cl A",+27.30,323.8,-9.24,-2.77%,370,205.4,+23.29%,"16:10 ET"
MAS,"Masco Corp",-14.62,63.66,-1.64,-2.51%,79.19,56.55,-14.15%,"16:10 ET"
MCD,"McDonald's Corp",+5.68,328.06,0.61,+0.19%,341.75,283.47,+5.70%,"16:11 ET"
MCHP,"Microchip Technology",+9.05,64.71,-3.1,-4.58%,83.35,34.13,+11.06%,"16:13 ET"
MCK,"Mckesson Corp",+43.43,919.26,-12.09,-1.30%,999,633.53,+43.26%,"16:12 ET"
MCO,"Moody's Corp",-0.72,471.97,1.92,+0.41%,546.88,378.71,+0.37%,"16:10 ET"
MDLZ,"Mondelez Intl Inc",-13.12,58.4,0.22,+0.38%,71.15,51.2,-12.52%,"16:10 ET"
MDT,"Medtronic Inc",-4.63,90.9,-2.11,-2.27%,106.33,79.55,-2.39%,"16:14 ET"
MET,"Metlife Inc",-14.21,71.83,-1.11,-1.52%,85,65.21,-12.64%,"16:11 ET"
META,"Meta Platforms Inc",-0.18,644.86,-15.71,-2.38%,796.25,479.8,+2.70%,"16:14 ET"
MGM,"MGM Resorts International",+9.93,35.57,-1.56,-4.20%,40.16,25.3,+12.42%,"16:10 ET"
MKC,"Mccormick & Company",-20.12,64.85,-0.42,-0.64%,86.24,59.62,-20.77%,"16:10 ET"
MLM,"Martin Marietta Materials",+22.57,609.99,-22.94,-3.62%,710.97,441.95,+28.17%,"16:10 ET"
MMM,"3M Company",+1.69,153.41,-2.8,-1.79%,177.41,121.98,+4.40%,"16:13 ET"
MNST,"Monster Beverage Corp",+32.84,75.61,-1.09,-1.42%,87.38,54,+35.77%,"16:14 ET"
MO,"Altria Group",+16.33,66.51,-0.47,-0.70%,70.51,52.82,+16.66%,"16:14 ET"
MOH,"Molina Healthcare Inc",-49.33,144.47,-3.24,-2.19%,359.97,121.06,-55.39%,"16:11 ET"
MOS,"Mosaic Company",-5.17,26.31,0.03,+0.11%,38.23,22.36,+6.43%,"16:14 ET"
MPC,"Marathon Petroleum Corp",+63.62,221.28,3.92,+1.80%,228.55,115.1,+60.86%,"16:13 ET"
MPWR,"Monolithic Power Sys",+64.71,1023.16,-55.28,-5.13%,1256.22,438.86,+80.87%,"16:10 ET"
MRK,"Merck & Company",+34.42,115.79,-0.28,-0.24%,125.14,73.31,+23.18%,"16:13 ET"
MRNA,"Moderna Inc",+85.50,52.52,-1.31,-2.43%,59.55,22.28,+53.12%,"16:14 ET"
MRSH,"Marsh & Mclennan Companies Inc",-20.90,183.08,-1.92,-1.04%,248,170.37,-22.56%,"16:10 ET"
MS,"Morgan Stanley",+27.19,160.27,-2.28,-1.40%,192.68,94.33,+34.26%,"16:13 ET"
MSCI,"MSCI Inc",+1.53,569.24,3.03,+0.54%,626.28,486.73,+0.52%,"16:10 ET"
MSFT,"Microsoft Corp",-6.37,408.96,-1.72,-0.42%,555.45,344.79,+3.04%,"16:14 ET"
MSI,"Motorola Solutions",+12.81,460.76,-6.4,-1.37%,492.22,359.36,+8.85%,"16:12 ET"
MTB,"M&T Bank Corp",+17.93,210.46,-5.53,-2.56%,239,150.75,+18.88%,"16:10 ET"
MTCH,"Match Group Inc",-8.51,30.47,-0.84,-2.68%,39.2,26.39,-2.74%,"16:10 ET"
MTD,"Mettler-Toledo International",-8.91,1209.65,-51.56,-4.09%,1525.17,946.69,-4.94%,"16:10 ET"
MU,"Micron Technology",+357.50,370.3,-26.75,-6.74%,455.5,61.54,+314.81%,"16:14 ET"
NCLH,"Norwegian Cruise Ord",-6.18,20.05,-0.87,-4.16%,27.18,14.21,+0.25%,"16:13 ET"
NDAQ,"Nasdaq Inc",+12.18,88.43,0.16,+0.18%,101.79,64.84,+16.10%,"16:13 ET"
NDSN,"Nordson Corp",+32.21,272.84,-8.18,-2.91%,305.28,165.03,+28.98%,"16:10 ET"
NEE,"Nextera Energy",+29.80,91.02,-0.11,-0.12%,95.91,61.72,+30.01%,"16:14 ET"
NEM,"Newmont Mining Corp",+148.81,116.29,0.2,+0.17%,134.88,42.03,+164.78%,"16:13 ET"
NFLX,"Netflix Inc",-0.24,99.02,-0.15,-0.15%,134.12,75.01,+9.25%,"16:14 ET"
NI,"NiSource Inc",+22.24,46.46,-0.58,-1.23%,47.67,35.64,+20.39%,"16:10 ET"
NKE,"Nike Inc",-27.85,57.01,-1.01,-1.74%,80.19,52.28,-26.64%,"16:14 ET"
NOC,"Northrop Grumman Corp",+64.27,756.13,16.12,+2.18%,774,450.13,+59.12%,"16:14 ET"
NOW,"Servicenow Inc",-35.21,124.34,3.96,+3.29%,211.48,98,-28.30%,"16:14 ET"
NRG,"NRG Energy",+37.49,154.32,-6.14,-3.83%,189.96,79.57,+69.32%,"16:11 ET"
NSC,"Norfolk Southern Corp",+24.94,302.84,-8.08,-2.60%,319.94,201.63,+27.14%,"16:10 ET"
NTAP,"Netapp Inc",+2.50,101.06,-1.05,-1.03%,126.66,71.84,+10.02%,"16:10 ET"
NTRS,"Northern Trust Corp",+30.58,138.59,-4.91,-3.42%,157.6,81.62,+33.48%,"16:10 ET"
NUE,"Nucor Corp",+30.66,168.75,-3.35,-1.95%,196.9,97.59,+27.85%,"16:12 ET"
NVDA,"Nvidia Corp",+45.28,177.88,-5.46,-2.98%,212.19,86.62,+60.88%,"16:14 ET"
NVR,"NVR Inc",-9.62,6958.83,-116.01,-1.64%,8618.28,6562.85,-7.15%,"16:14 ET"
NWS,"News Corp Cl B",-16.23,27.7,0.77,+2.84%,35.58,25.49,-13.11%,"16:10 ET"
NWSA,"News Corp Cl A",-14.71,24.62,0.34,+1.40%,31.61,22.2,-12.88%,"16:10 ET"
NXPI,"Nxp Semiconductors",-10.76,201.74,-8.84,-4.20%,256.36,148.09,-5.94%,"16:14 ET"
O,"Realty Income Corp",+15.39,65,0.2,+0.31%,67.93,50.71,+13.38%,"16:14 ET"
ODFL,"Old Dominion Freight Line Inc",+21.09,193.97,-16.71,-7.93%,221.63,126.01,+9.23%,"16:13 ET"
OKE,"Oneok Inc",+6.21,86.93,1.33,+1.55%,103.64,64.02,-3.13%,"16:14 ET"
OMC,"Omnicom Group Inc",+6.15,84.93,0.16000000000001,+0.19%,89.27,66.33,+2.80%,"16:10 ET"
ON,"On Semiconductor",+24.30,56.87,-3.98,-6.54%,73.76,31.04,+29.60%,"16:14 ET"
ORCL,"Oracle Corp",-23.99,152.96,-1.83,-1.18%,345.72,118.86,+1.34%,"16:14 ET"
ORLY,"O'Reilly Automotive",+3.78,94.52,0.16,+0.17%,108.71,85.55,+6.52%,"16:11 ET"
OTIS,"Otis Worldwide Corp",-11.71,89.22,-1.42,-1.57%,106.83,84,-13.02%,"16:11 ET"
OXY,"Occidental Petroleum Corp",+27.64,54.19,0.95,+1.78%,56.34,34.78,+18.55%,"16:14 ET"
PANW,"Palo Alto Networks Inc",-14.44,165.05,1.89,+1.16%,223.61,139.57,-7.96%,"16:14 ET"
PAYC,"Paycom Software Inc",-40.81,138.01,1.35,+0.99%,267.76,104.9,-32.22%,"16:10 ET"
PAYX,"Paychex Inc",-35.81,100.85,2.47,+2.51%,161.24,86.89,-32.72%,"16:10 ET"
PCAR,"Paccar Inc",+18.26,120.43,-2.91,-2.36%,131.88,84.65,+12.67%,"16:11 ET"
PCG,"Pacific Gas & Electric Company",+20.09,18.18,0.05,+0.28%,19.16,12.97,+13.06%,"16:11 ET"
PEG,"Public Service Enterprise Group Inc",+4.67,83.35,-0.57,-0.68%,91.25,74.67,+6.59%,"16:10 ET"
PEP,"Pepsico Inc",+8.59,159.43,-1.27,-0.79%,171.48,127.6,+3.12%,"16:11 ET"
PFE,"Pfizer Inc",+6.74,27.05,0.44,+1.65%,27.94,20.92,+3.09%,"16:14 ET"
PFG,"Principal Financial Group Inc",+12.86,92.26,-1.24,-1.33%,97.88,68.39,+6.49%,"16:10 ET"
PG,"Procter & Gamble Company",-9.68,153.63,-0.36,-0.23%,179.99,137.62,-12.04%,"16:14 ET"
PGR,"Progressive Corp",-24.44,210.6,0.019999999999982,+0.01%,292.99,197.92,-25.10%,"16:10 ET"
PH,"Parker-Hannifin Corp",+46.33,923.72,-41.7,-4.32%,1034.96,488.45,+46.41%,"16:10 ET"
PHM,Pultegroup,+17.36,127.84,-1.81,-1.40%,144.49,88.07,+18.08%,"16:10 ET"
PKG,"Packaging Corp of America",+10.91,222.52,-3.7,-1.64%,249.51,172.71,+9.19%,"16:10 ET"
PLD,"Prologis Inc",+18.41,134.54,-3.31,-2.40%,143.95,85.35,+11.84%,"16:14 ET"
PLTR,"Palantir Technologies Inc Cl A",+56.35,157.16,4.49,+2.94%,207.52,66.12,+95.33%,"16:14 ET"
PM,"Philip Morris International Inc",+9.81,169.98,0.28,+0.16%,191.3,142.11,+10.70%,"16:13 ET"
PNC,"PNC Bank",+14.09,206.12,-6.25,-2.94%,243.94,145.12,+15.16%,"16:10 ET"
PNR,"Pentair Ltd",-4.12,92.17,-3.8,-3.96%,113.95,74.25,+2.62%,"16:10 ET"
PNW,"Pinnacle West Capital Corp",+16.60,102.44,0.66,+0.65%,103.21,85.32,+12.87%,"16:10 ET"
PODD,"Insulet Corp",-17.64,237.01,-3.93,-1.63%,354.88,230.05,-8.73%,"16:10 ET"
POOL,"Pool Corp",-43.16,213.66,-4.26,-1.95%,374.74,210.67,-40.16%,"16:10 ET"
PPG,"PPG Industries",-7.16,106.7,-5.17,-4.62%,133.43,90.24,-7.51%,"16:10 ET"
PPL,"PPL Corp",+14.38,38.55,0.59,+1.55%,39.08,32.5,+13.75%,"16:10 ET"
PRU,"Prudential Financial Inc",-14.54,97.12,-2.02,-2.04%,119.76,90.38,-11.82%,"16:14 ET"
PSA,"Public Storage",+3.45,308.13,1.19,+0.39%,322.49,256.54,-0.10%,"16:10 ET"
PSKY,"Paramount Skydance Corporation Cl B",-24.76,11.99,0.25,+2.13%,20.86,9.95,+1.96%,"16:14 ET"
PSX,"Phillips 66",+43.24,165.96,-0.48,-0.29%,169.62,91.01,+35.16%,"16:10 ET"
PTC,"Ptc Inc",-5.57,162.71,-1.54,-0.94%,219.69,133.38,+1.34%,"16:10 ET"
PWR,"Quanta Services",+111.62,540.19,-9.03,-1.64%,573.97,227.08,+124.26%,"16:10 ET"
PYPL,"Paypal Holdings",-35.38,46.98,-0.66,-1.39%,79.5,38.46,-31.00%,"16:14 ET"
Q,"Qnity Electronics Inc",N/A,110.14,-5.78,-4.99%,140.6,70.5,N/A,"16:14 ET"
QCOM,"Qualcomm Inc",-20.05,135.65,-1.35,-0.98%,205.95,120.8,-13.06%,"16:14 ET"
RCL,"Royal Caribbean Cruises Ltd",+16.76,278.08,-4.98,-1.76%,366.5,164.01,+29.02%,"16:14 ET"
REG,"Regency Centers Corp",+11.52,78.66,-0.65,-0.82%,79.89,63.44,+5.65%,"16:10 ET"
REGN,"Regeneron Pharmaceuticals",+18.56,759.82,-5.11,-0.67%,821.11,476.49,+8.79%,"16:10 ET"
RF,"Regions Financial Corp",+20.74,27.04,-0.7,-2.52%,31.53,17.74,+23.19%,"16:10 ET"
RJF,"Raymond James Financial",+1.33,152.05,-4.25,-2.72%,177.66,117.57,+5.71%,"16:10 ET"
RL,"Ralph Lauren Corp",+38.11,338.36,-15.06,-4.26%,389.15,176.61,+41.97%,"16:10 ET"
RMD,"Resmed Inc",+5.45,252.87,-2.45,-0.96%,293.81,199.92,+12.37%,"16:10 ET"
ROK,"Rockwell Automation Inc",+27.29,369.83,-8.67,-2.29%,438.72,215,+36.06%,"16:10 ET"
ROL,"Rollins Inc",+8.17,58.28,0.11,+0.19%,66.14,49.73,+12.73%,"16:11 ET"
ROP,"Roper Industries",-40.32,367.5,1.48,+0.40%,594.25,313.07,-37.53%,"16:10 ET"
ROST,"Ross Stores Inc",+66.90,211.75,-3.08,-1.43%,216.8,122.36,+53.56%,"16:10 ET"
RSG,"Republic Services",+0.05,231.05,-0.62,-0.27%,258.75,201.42,-0.19%,"16:10 ET"
RTX,"Rtx Corp",+67.10,209.76,5.9,+2.89%,214.5,112.27,+63.52%,"16:14 ET"
RVTY,"Revvity Inc",-19.43,91.34,-5.23,-5.42%,120.39,81.36,-19.32%,"16:10 ET"
SBAC,"SBA Communications",-11.73,196.58,0.89,+0.45%,245.16,177.49,-10.13%,"16:10 ET"
SBUX,"Starbucks Corp",+2.69,98.99,0.3,+0.30%,106.86,75.5,-6.14%,"16:14 ET"
SCHW,"The Charles Schwab Corp",+20.46,95.23,-0.18,-0.19%,107.5,65.88,+26.03%,"16:10 ET"
SHW,"Sherwin-Williams Company",-9.80,329.88,-5.57,-1.66%,379.65,308.84,-8.39%,"16:11 ET"
SJM,"J.M. Smucker Company",-0.96,111.21,-0.13,-0.12%,121.48,93.3,-0.25%,"16:10 ET"
SLB,"Slb Limited",+25.68,46.9,-0.5,-1.05%,52.45,31.11,+17.96%,"16:14 ET"
SMCI,"Super Micro Computer",-30.66,31.31,-0.93,-2.88%,62.36,27.6,-15.49%,"16:14 ET"
SNA,"Snap-On Inc",+13.16,372.14,-10.13,-2.65%,390.13,289.81,+11.31%,"16:10 ET"
SNDK,"Sandisk Corp",+884.57,527.33,-38.26,-6.76%,725,27.89,"+1,034.04%","16:14 ET"
SNPS,"Synopsys Inc",+3.08,437.41,-4.89,-1.11%,651.73,365.74,-1.87%,"16:14 ET"
SO,"Southern Company",+9.31,97.48,0.28,+0.29%,100.83,83.09,+9.87%,"16:10 ET"
SOLV,"Solventum Corporation",-12.68,69.41,-1.37,-1.94%,88.2,60.7,-8.36%,"16:10 ET"
SPG,"Simon Property Group",+17.49,194.83,-6.2,-3.08%,205.12,136.34,+11.62%,"16:10 ET"
SPGI,"S&P Global Inc",-13.54,452.36,1.25,+0.28%,579.05,381.61,-12.03%,"16:13 ET"
SRE,Sempra,+30.46,92.63,-1.31,-1.39%,97.44,61.9,+33.05%,"16:14 ET"
STE,"Steris Corp",-4.98,230.51,-8.,-3.35%,269.44,204.9,-0.75%,"16:10 ET"
STLD,"Steel Dynamics Inc",+48.74,181.61,-8.37,-4.41%,208.47,103.17,+45.00%,"16:10 ET"
STT,"State Street Corp",+29.89,121.04,-4.1,-3.28%,137.05,72.81,+34.74%,"16:14 ET"
STX,"Seagate Technology Hldgs Plc",+288.07,352.8,-14.54,-3.96%,459.84,63.19,+307.20%,"16:14 ET"
STZ,"Constellation Brands Inc",-19.22,146.47,-0.83,-0.56%,196.91,126.45,-18.15%,"16:10 ET"
SW,"Smurfit Westrock Plc",-5.46,42.85,-1.74,-3.90%,52.65,32.73,-8.32%,"16:10 ET"
SWK,"Stanley Black & Decker Inc",-8.07,76.08,-1.85,-2.37%,93.37,53.91,-10.61%,"16:10 ET"
SWKS,"Skyworks Solutions",-28.87,54.78,-1.69,-3.00%,90.9,47.93,-18.15%,"16:10 ET"
SYF,"Synchrony Financial",+11.32,66.67,-2.3,-3.33%,88.77,40.54,+23.12%,"16:10 ET"
SYK,"Stryker Corp",-4.16,364.56,-5.94,-1.60%,404.87,329.16,-4.64%,"16:10 ET"
SYY,"Sysco Corp",+14.47,85.23,-0.55,-0.64%,91.85,67.12,+13.50%,"16:10 ET"
T,"AT&T Inc",+8.63,28.64,-0.33,-1.14%,29.79,22.95,+7.15%,"16:14 ET"
TAP,"Molson Coors Brewing Company",-21.67,46.64,0.020000000000003,+0.04%,64.66,42.94,-21.48%,"16:10 ET"
TDG,"Transdigm Group Inc",-6.21,1294.53,-0.43,-0.03%,1623.82,1183.6,-3.73%,"16:10 ET"
TDY,"Teledyne Technologies Inc",+38.99,647.64,-7.22,-1.10%,693.38,419,+31.83%,"16:10 ET"
TECH,"Bio-Techne Corp",-16.63,53.89,-2.,-3.58%,72.16,46.01,-14.99%,"16:10 ET"
TEL,"Te Connectivity Ltd",+26.02,205.85,-4.71,-2.24%,250.67,116.3,+39.76%,"16:10 ET"
TER,"Teradyne Inc",+169.25,273.05,-32.53,-10.65%,344.92,65.77,+159.09%,"16:14 ET"
TFC,"Truist Financial Corp",+9.00,46.49,-1.99,-4.10%,56.19,33.56,+10.06%,"16:10 ET"
TGT,"Target Corp",+18.66,120.79,0.43,+0.36%,126,83.44,+5.91%,"16:14 ET"
TJX,"TJX Companies",+33.71,159.33,-1.6,-0.99%,162.68,112.1,+32.06%,"16:14 ET"
TKO,"Tko Group Holdings Inc Cl A",+34.81,202.68,-9.07,-4.28%,226.94,133.07,+37.89%,"16:12 ET"
TMO,"Thermo Fisher Scientific Inc",-4.45,501.97,-16.87,-3.25%,643.99,385.46,-4.87%,"16:10 ET"
TMUS,"T-Mobile US",-12.49,221.57,1.03,+0.47%,272.6,181.36,-15.74%,"16:14 ET"
TPL,"Texas Pacific Land Trust",+45.57,525.03,1.72,+0.33%,547.2,269.23,+20.70%,"16:14 ET"
TPR,"Tapestry Inc",+94.36,144.15,-5.05,-3.38%,161.97,58.39,+85.47%,"16:10 ET"
TRGP,"Targa Resources",+47.85,237.2,-1.81,-0.76%,250,144.14,+30.34%,"16:13 ET"
TRMB,"Trimble Navigation",-3.41,70.08,-0.38,-0.54%,87.5,52.91,+3.59%,"16:10 ET"
TROW,"T Rowe Price Group",-13.58,90.4,-1.64,-1.78%,118.22,77.85,-8.58%,"16:10 ET"
TRV,"The Travelers Companies Inc",+21.13,306.31,-0.33,-0.11%,313.12,230.43,+19.64%,"16:10 ET"
TSCO,"Tractor Supply Company",-13.28,50.16,-0.35,-0.69%,63.99,46.85,-8.12%,"16:10 ET"
TSLA,"Tesla Inc",+39.72,396.73,-8.82,-2.17%,498.83,214.25,+50.59%,"16:14 ET"
TSN,"Tyson Foods",+4.95,61.43,-0.63,-1.02%,66.41,50.56,+1.49%,"16:12 ET"
TT,"Trane Technologies Plc",+17.14,423.13,-12.18,-2.80%,479.37,298.15,+23.82%,"16:10 ET"
TTD,"Trade Desk Inc",-53.68,29.28,-0.51,-1.71%,91.45,21.08,-54.94%,"16:14 ET"
TTWO,"Take-Two Interactive",-4.48,211.5,-1.03,-0.48%,264.79,188.56,+1.75%,"16:11 ET"
TXN,"Texas Instruments",+3.97,193.21,-4.77,-2.41%,231.32,139.95,+2.04%,"16:11 ET"
TXT,"Textron Inc",+29.37,94.96,-1.44,-1.49%,101.57,57.7,+29.43%,"16:14 ET"
TYL,"Tyler Technologies",-40.04,374.59,8.72,+2.38%,621.34,283.71,-38.28%,"16:10 ET"
UAL,"United Airlines Holdings Inc",+5.53,92.07,-3.36,-3.52%,119.21,52,+6.72%,"16:14 ET"
UBER,"Uber Technologies Inc",-9.34,75.13,-0.31,-0.41%,101.99,60.63,+0.23%,"16:13 ET"
UDR,"United Dominion Realty Trust",-12.99,37.25,-0.42,-1.11%,45.73,32.94,-15.76%,"16:10 ET"
UHS,"Universal Health Services",+5.12,192.65,-4.31,-2.19%,246.32,152.33,+9.82%,"16:10 ET"
ULTA,"Ulta Beauty Inc",+74.45,646.34,-7.3,-1.12%,714.97,309.01,+82.07%,"16:10 ET"
UNH,"Unitedhealth Group Inc",-33.86,286.48,-2.29,-0.79%,606.36,234.6,-41.26%,"16:14 ET"
UNP,"Union Pacific Corp",+8.56,254.11,-6.09,-2.34%,268.14,204.66,+3.60%,"16:10 ET"
UPS,"United Parcel Service",-9.09,102.36,-1.71,-1.64%,123.7,82,-15.05%,"16:13 ET"
URI,"United Rentals",+16.95,809.6,-33.33,-3.95%,1021.47,525.91,+29.35%,"16:10 ET"
USB,"U.S. Bancorp",+17.73,52.37,-1.54,-2.86%,61.19,35.18,+18.00%,"16:10 ET"
V,"Visa Inc",-10.07,317.36,-2.44,-0.76%,375.51,299,-7.79%,"16:13 ET"
VICI,"Vici Properties Inc",-8.81,29.67,-0.02,-0.07%,34.03,27.48,-7.19%,"16:10 ET"
VLO,"Valero Energy Corp",+91.53,224.63,-3.4,-1.49%,232.99,99,+78.28%,"16:14 ET"
VLTO,"Veralto Corporation",-8.15,94.33,-0.86,-0.90%,110.11,83.86,-3.70%,"16:10 ET"
VMC,"Vulcan Materials Company",+13.02,274.99,-12.24,-4.26%,331.09,215.08,+16.93%,"16:10 ET"
VRSK,"Verisk Analytics Inc",-29.04,214.75,3.53,+1.67%,322.92,164.6,-27.29%,"16:10 ET"
VRSN,"Verisign Inc",-2.99,243.78,5.08,+2.13%,310.6,208.86,+1.60%,"16:10 ET"
VRTX,"Vertex Pharmaceutic",-1.84,456.69,-4.13,-0.90%,519.68,362.5,-5.98%,"16:10 ET"
VST,"Vistra Energy Corp",+19.59,158.65,-8.75,-5.23%,219.82,90.51,+38.67%,"16:14 ET"
VTR,"Ventas Inc",+30.54,84.87,-0.09,-0.11%,87.87,60.15,+25.38%,"16:10 ET"
VTRS,"Viatris Inc",+59.70,14.16,-0.37,-2.55%,16.47,6.85,+48.90%,"16:13 ET"
VZ,"Verizon Communications Inc",+21.25,51.12,-0.06,-0.12%,51.41,38.39,+15.58%,"16:12 ET"
WAB,"Wabtec Corp",+39.33,244.68,-6.9,-2.74%,266.27,151.81,+37.78%,"16:10 ET"
WAT,"Waters Corp",-24.28,302.54,-13.05,-4.14%,414.15,275.05,-21.69%,"16:10 ET"
WBD,"Discovery Inc Series A",+110.99,27.93,-0.07,-0.25%,30,7.52,+161.03%,"16:13 ET"
WDAY,"Workday Inc",-45.79,151.04,3.86,+2.62%,276,117.76,-40.48%,"16:11 ET"
WDC,"Western Digital Corp",+507.03,245.25,-13.78,-5.32%,309.9,28.83,+491.68%,"16:14 ET"
WEC,"Wisconsin Energy Corp",+10.03,115.77,-0.32,-0.28%,118.18,100.61,+11.53%,"16:10 ET"
WELL,"Welltower Inc",+40.02,204.29,-0.76,-0.37%,216.43,130.29,+37.13%,"16:10 ET"
WFC,"Wells Fargo & Company",+7.33,80.42,-1.69,-2.06%,97.76,58.42,+10.70%,"16:14 ET"
WM,"Waste Management",+11.88,246.05,-0.04,-0.02%,248.11,194.11,+8.89%,"16:10 ET"
WMB,"Williams Companies",+41.82,74.24,-0.53,-0.71%,76.87,51.58,+35.95%,"16:11 ET"
WMT,"Walmart Inc",+37.49,123.8,0.49,+0.40%,134.69,79.81,+30.81%,"16:14 ET"
WRB,"W.R. Berkley Corp",+6.39,69.92,0.35000000000001,+0.50%,78.96,60.68,+12.47%,"16:10 ET"
WSM,Williams-Sonoma,+0.08,186.52,-7.07,-3.65%,222,130.07,+2.24%,"16:12 ET"
WST,"West Pharmaceutical Services",+0.26,245.86,1.51,+0.62%,322.34,187.43,+5.63%,"16:10 ET"
WTW,"Willis Towers Watson Public Ltd",-9.90,302.94,2.42,+0.81%,352.79,275.6,-8.32%,"16:10 ET"
WY,"Weyerhaeuser Company",-15.94,24.5,-0.13,-0.53%,31.12,21.16,-18.93%,"16:10 ET"
WYNN,"Wynn Resorts Ltd",+4.94,101.61,-3.76,-3.57%,134.72,65.25,+15.22%,"16:10 ET"
XEL,"XCEL Energy Inc",+22.43,82.52,0.14,+0.17%,84.23,65.21,+21.96%,"16:10 ET"
XOM,"Exxon Mobil Corp",+49.32,151.21,0.45,+0.30%,159.6,97.8,+40.50%,"16:14 ET"
XYL,"Xylem Inc",-9.97,123.15,-3.04,-2.41%,154.27,100.47,-4.51%,"16:10 ET"
XYZ,"Block Inc",+7.86,66.33,-1.05,-1.56%,82.5,44.27,+10.92%,"16:14 ET"
YUM,"Yum! Brands",+3.12,160,1.38,+0.87%,169.39,137.33,+0.46%,"16:10 ET"
ZBH,"Zimmer Biomet Holdings",-10.59,94.11,0.66,+0.71%,114.44,84.59,-10.64%,"16:13 ET"
ZBRA,"Zebra Technologies",-29.67,219.65,-10.02,-4.36%,352.66,205.73,-25.43%,"16:10 ET"
ZTS,"Zoetis Inc Cl A",-28.82,121.43,-0.8,-0.65%,177,115.25,-27.40%,2026-03-06
"Downloaded from Barchart.com as of 03-06-2026 04:24pm CST"
