symbol,name,lastPrice,priceChange,percentChange,highPrice,lowPrice,volume,tradeTime
"A","Agilent Technologies",115.43,-1.21,-1.04%,117.04,114.46,2,339,203,16:00 ET
"AAPL","Apple Inc",260.83,+0.95,+0.37%,262.48,256.95,28,547,081,16:00 ET
"ABBV","Abbvie Inc",227.01,-0.44,-0.19%,231.27,226.16,6,461,846,16:00 ET
"ABNB","Airbnb Inc Cl A",132.44,-1.59,-1.19%,134.58,130.08,3,628,980,16:00 ET
"ABT","Abbott Laboratories",110.55,-2.10,-1.86%,112.45,109.80,8,740,399,16:00 ET
"ACGL","Arch Capital Grp Ltd",96.19,+0.57,+0.60%,96.94,94.91,1,770,493,16:00 ET
"ACN","Accenture Plc",201.63,-7.73,-3.69%,208.61,199.74,5,160,169,16:00 ET
"ADBE","Adobe Systems Inc",275.13,-7.31,-2.59%,282.40,268.37,4,563,762,16:00 ET
"ADI","Analog Devices",318.81,-0.90,-0.28%,323.94,317.08,4,348,571,16:00 ET
"ADM","Archer Daniels Midland",69.39,+1.47,+2.16%,69.85,67.09,5,131,797,16:00 ET
"ADP","Automatic Data Processing",217.37,-5.67,-2.54%,222.41,212.50,3,182,788,16:00 ET
"ADSK","Autodesk Inc",253.85,-6.90,-2.65%,261.78,252.09,1,855,826,16:00 ET
"AEE","Ameren Corp",110.39,-0.02,-0.02%,111.68,109.77,1,969,573,16:00 ET
"AEP","American Electric Power Company",132.31,+0.45,+0.34%,133.28,131.13,3,210,462,16:00 ET
"AES","The Aes Corp",14.21,+0.02,+0.14%,14.28,14.17,12,120,458,16:00 ET
"AFL","Aflac Inc",110.30,+0.12,+0.11%,111.82,109.06,2,125,349,16:00 ET
"AIG","American International Group",78.05,+0.43,+0.55%,79.23,77.26,3,702,583,16:00 ET
"AIZ","Assurant Inc",219.70,+0.03,+0.01%,222.79,216.50,280,335,16:00 ET
"AJG","Arthur J. Gallagher & Company",211.72,-6.06,-2.78%,217.52,210.30,1,877,237,16:00 ET
"AKAM","Akamai Technologies",104.50,+2.39,+2.34%,106.08,100.41,3,748,786,16:00 ET
"ALB","Albemarle Corp",166.54,-3.03,-1.79%,173.64,166.38,2,019,748,16:00 ET
"ALGN","Align Technology",169.43,-5.62,-3.21%,176.48,169.30,1,513,971,16:00 ET
"ALL","Allstate Corp",207.50,-0.19,-0.09%,210.38,206.20,1,098,812,16:00 ET
"ALLE","Allegion Plc",147.53,-2.69,-1.79%,150.38,147.34,1,299,932,16:00 ET
"AMAT","Applied Materials",345.88,+6.94,+2.05%,355.28,339.00,6,107,092,16:00 ET
"AMCR","Amcor Plc",42.10,-0.20,-0.47%,42.80,41.44,4,554,478,16:00 ET
"AMD","Adv Micro Devices",203.23,+0.55,+0.27%,206.59,202.20,28,950,547,16:00 ET
"AME","Ametek Inc",226.30,+1.23,+0.55%,229.01,224.53,1,509,137,16:00 ET
"AMGN","Amgen Inc",375.43,-1.54,-0.41%,379.26,372.74,2,282,380,16:00 ET
"AMP","Ameriprise Financial Services",456.16,-5.32,-1.15%,463.81,449.58,519,699,16:00 ET
"AMT","American Tower Corp",186.12,-0.52,-0.28%,187.99,184.53,2,229,403,16:00 ET
"AMZN","Amazon.com Inc",214.33,+0.84,+0.39%,215.65,212.43,35,446,171,16:00 ET
"ANET","Arista Networks Inc",139.62,+2.45,+1.79%,141.77,137.89,5,421,519,16:00 ET
"AON","AON Plc",320.96,-11.88,-3.57%,332.22,320.44,1,411,867,16:00 ET
"AOS","Smith A.O. Corp",69.82,-0.64,-0.91%,71.46,69.42,1,334,760,16:00 ET
"APA","Apa Corp",31.82,-0.77,-2.36%,32.68,31.54,7,792,810,16:00 ET
"APD","Air Products and Chemicals",275.12,+0.72,+0.26%,277.15,270.55,1,165,998,16:00 ET
"APH","Amphenol Corp",136.74,+0.68,+0.50%,139.36,135.51,7,148,554,16:00 ET
"APO","Apollo Asset Management Inc",108.17,+0.03,+0.03%,109.08,105.51,3,486,224,16:00 ET
"APP","Applovin Corp Cl A",477.39,-39.84,-7.70%,517.00,473.00,6,654,643,16:00 ET
"APTV","Aptiv Plc",72.05,-0.80,-1.10%,73.19,71.68,2,344,364,16:00 ET
"ARE","Alexandria Real Estate Equities",51.05,-0.13,-0.25%,51.81,50.15,1,370,698,16:00 ET
"ARES","Ares Management LP",108.68,-0.17,-0.16%,110.92,105.47,3,686,466,16:00 ET
"ATO","Atmos Energy Corp",183.44,-1.80,-0.97%,186.30,183.07,1,220,669,16:00 ET
"AVB","Avalonbay Communities",174.45,-2.26,-1.28%,177.07,173.06,838,243,16:00 ET
"AVGO","Broadcom Ltd",342.58,-3.17,-0.92%,353.14,340.80,29,419,267,16:00 ET
"AVY","Avery Dennison Corp",174.30,-2.17,-1.23%,177.39,173.66,918,739,16:00 ET
"AWK","American Water Works",132.84,-4.89,-3.55%,137.77,132.60,1,634,897,16:00 ET
"AXON","Axon Enterprise Inc",529.97,-29.09,-5.20%,559.34,528.34,796,112,16:00 ET
"AXP","American Express Company",303.15,-2.23,-0.73%,308.25,301.02,3,485,113,16:00 ET
"AZO","Autozone",3,726.02,+53.34,+1.45%,3,770.04,3,663.99,122,161,16:00 ET
"BA","Boeing Company",217.76,-7.24,-3.22%,226.11,217.03,9,199,348,16:00 ET
"BAC","Bank of America Corp",48.56,+0.66,+1.38%,49.15,47.60,49,882,742,16:00 ET
"BALL","Ball Corporation",62.02,-0.37,-0.59%,62.98,61.25,1,476,734,16:00 ET
"BAX","Baxter International Inc",17.46,-0.45,-2.51%,17.99,17.40,9,350,411,16:00 ET
"BBY","Best Buy Company",64.80,-1.16,-1.76%,66.27,64.08,4,641,791,16:00 ET
"BDX","Becton Dickinson and Company",163.88,-0.53,-0.32%,166.35,163.30,2,528,052,16:00 ET
"BEN","Franklin Resources",25.22,-0.56,-2.17%,25.96,25.21,3,774,839,16:00 ET
"BF.B","Brown Forman Inc Cl B",25.40,+0.52,+2.09%,25.58,24.78,4,437,040,16:00 ET
"BG","Bunge Ltd",119.75,+0.96,+0.81%,123.98,117.98,2,511,506,16:00 ET
"BIIB","Biogen Inc",188.41,+0.17,+0.09%,190.78,187.02,686,989,16:00 ET
"BK","Bank of New York Mellon Corp",115.42,+0.32,+0.28%,117.15,114.21,2,455,164,16:00 ET
"BKNG","Booking Holdings Inc",4,371.77,-68.92,-1.55%,4,431.90,4,284.53,383,346,16:00 ET
"BKR","Baker Hughes Company",59.34,-0.76,-1.26%,60.80,59.21,13,688,754,16:00 ET
"BLDR","Builders Firstsource",93.68,-1.27,-1.34%,96.09,93.10,2,772,897,16:00 ET
"BLK","Blackrock Inc",967.36,+9.69,+1.01%,976.80,956.55,1,157,154,16:00 ET
"BMY","Bristol-Myers Squibb Company",60.13,-0.50,-0.82%,60.96,59.98,9,678,655,16:00 ET
"BR","Broadridge Financial Solutions Llc",186.63,-2.38,-1.26%,190.87,184.14,1,659,438,16:00 ET
"BRK.B","Berkshire Hathaway Cl B",494.14,-3.06,-0.62%,498.67,492.31,3,589,165,16:00 ET
"BRO","Brown & Brown",68.58,-2.46,-3.46%,71.44,68.07,2,904,601,16:00 ET
"BSX","Boston Scientific Corp",69.96,-1.94,-2.70%,71.71,69.78,14,263,503,16:00 ET
"BX","Blackstone Inc",109.96,-0.69,-0.62%,112.34,108.40,6,936,537,16:00 ET
"BXP","Bxp Inc",53.44,+0.96,+1.83%,53.59,51.66,3,385,594,16:00 ET
"C","Citigroup Inc",108.97,+2.38,+2.23%,110.91,107.37,17,837,298,16:01 ET
"CAG","Conagra Brands Inc",18.08,-0.58,-3.11%,18.51,18.07,10,179,265,16:00 ET
"CAH","Cardinal Health",217.04,-5.24,-2.36%,222.62,216.43,1,566,849,16:00 ET
"CARR","Carrier Global Corp",58.43,-0.29,-0.49%,59.37,57.87,6,875,419,16:00 ET
"CAT","Caterpillar Inc",716.68,+11.86,+1.68%,730.79,710.28,3,034,010,16:00 ET
"CB","Chubb Ltd",325.24,+0.84,+0.26%,328.12,322.27,1,242,412,16:00 ET
"CBOE","CBOE Global Markets Inc",285.52,-13.68,-4.57%,297.85,279.05,1,683,950,16:00 ET
"CBRE","CBRE Group Inc",134.59,-2.35,-1.72%,137.00,133.09,1,901,063,16:00 ET
"CCI","Crown Castle Inc",88.52,-1.21,-1.35%,90.59,88.26,2,328,986,16:00 ET
"CCL","Carnival Corp",26.21,-0.18,-0.68%,26.96,25.28,35,549,082,16:00 ET
"CDNS","Cadence Design Sys",293.29,-4.76,-1.60%,299.06,290.47,2,081,206,16:00 ET
"CDW","CDW Corp",118.65,-2.09,-1.73%,122.66,117.00,1,103,032,16:00 ET
"CEG","Constellation Energy Corp",317.09,-5.90,-1.83%,326.06,316.69,2,311,985,16:00 ET
"CF","Cf Industries Holdings",110.05,-0.99,-0.89%,112.67,106.71,7,345,328,16:00 ET
"CFG","Citizens Financial Group Inc/Ri",58.89,+0.58,+0.99%,59.83,57.44,5,665,840,16:00 ET
"CHD","Church & Dwight Company",101.13,-1.12,-1.10%,102.42,100.83,2,182,583,16:00 ET
"CHRW","C.H. Robinson Ww",175.86,-6.08,-3.34%,181.95,175.73,1,767,553,16:00 ET
"CHTR","Charter Communications Inc",219.33,-3.48,-1.56%,222.78,216.92,1,870,289,16:00 ET
"CI","The Cigna Group",262.44,-7.22,-2.68%,270.00,262.02,2,041,513,16:00 ET
"CIEN","Ciena Corp",337.36,+18.82,+5.91%,349.77,325.00,3,003,351,16:00 ET
"CINF","Cincinnati Financial",164.73,+1.41,+0.86%,166.15,162.10,846,258,16:00 ET
"CL","Colgate-Palmolive Company",92.49,-0.51,-0.55%,93.48,91.48,5,774,043,16:00 ET
"CLX","Clorox Company",115.87,+2.46,+2.17%,116.75,111.59,2,212,853,16:00 ET
"CMCSA","Comcast Corp A",31.07,+0.03,+0.10%,31.18,30.55,21,200,317,16:00 ET
"CME","CME Group Inc",306.34,-5.30,-1.70%,310.20,300.81,2,649,384,16:00 ET
"CMG","Chipotle Mexican Grill",34.72,-0.57,-1.62%,35.20,34.46,16,635,220,16:00 ET
"CMI","Cummins Inc",558.71,+8.52,+1.55%,570.00,551.48,1,259,947,16:00 ET
"CMS","Cms Energy Corp",76.43,-0.81,-1.05%,77.33,76.35,2,869,462,16:00 ET
"CNC","Centene Corp",36.40,-6.92,-15.97%,42.47,36.28,18,069,375,16:00 ET
"CNP","Centerpoint Energy Inc",43.16,-0.32,-0.74%,43.83,43.05,4,438,020,16:00 ET
"COF","Capital One Financial Corp",184.87,-0.86,-0.46%,188.25,182.25,5,489,855,16:00 ET
"COIN","Coinbase Global Inc Cl A",196.52,-3.27,-1.64%,206.01,194.75,10,775,451,16:00 ET
"COO","Cooper Companies",74.41,-1.41,-1.86%,76.01,74.28,2,245,011,16:00 ET
"COP","Conocophillips",114.15,-2.88,-2.46%,116.54,112.93,13,861,117,16:00 ET
"COR","Cencora Inc",352.19,-9.61,-2.66%,362.27,351.43,970,803,16:00 ET
"COST","Costco Wholesale",997.36,-7.94,-0.79%,1,010.10,996.00,1,607,501,16:00 ET
"CPAY","Corpay Inc",329.08,+3.48,+1.07%,333.20,318.56,694,368,16:00 ET
"CPB","The Campbell's Company",24.68,-0.61,-2.41%,25.21,24.64,9,783,790,16:00 ET
"CPRT","Copart Inc",36.31,-1.26,-3.35%,37.48,36.16,6,486,738,16:00 ET
"CPT","Camden Property Trust",103.61,-1.50,-1.43%,104.90,102.69,863,855,16:00 ET
"CRH","CRH Plc ADR",106.28,-0.18,-0.17%,107.98,105.38,6,317,404,16:00 ET
"CRL","Charles River Laboratories Intl",167.37,-9.62,-5.44%,175.28,166.82,793,449,16:00 ET
"CRM","Salesforce Inc",194.91,-3.88,-1.95%,199.57,190.60,14,015,852,16:00 ET
"CRWD","Crowdstrike Holdings Inc",436.33,+2.20,+0.51%,447.95,428.55,3,307,500,16:00 ET
"CSCO","Cisco Systems Inc",77.70,+1.49,+1.96%,79.01,77.10,22,258,338,16:00 ET
"CSGP","Costar Group Inc",46.33,-2.09,-4.32%,48.32,45.50,4,522,964,16:00 ET
"CSX","CSX Corp",40.91,+0.31,+0.76%,41.46,40.41,12,616,919,16:00 ET
"CTAS","Cintas Corp",196.28,-4.49,-2.24%,199.97,194.41,1,959,359,16:00 ET
"CTRA","Coterra Energy Inc",30.41,-0.77,-2.47%,31.30,30.27,16,107,804,16:00 ET
"CTSH","Cognizant Tech Sol",62.98,-1.67,-2.58%,64.55,61.77,5,528,754,16:00 ET
"CTVA","Corteva Inc",76.31,-1.99,-2.54%,78.36,76.27,3,715,084,16:00 ET
"CVNA","Carvana Company Cl A",318.77,-9.49,-2.89%,332.05,312.42,2,359,601,16:00 ET
"CVS","CVS Corp",76.32,-1.94,-2.48%,78.75,76.10,6,462,369,16:00 ET
"CVX","Chevron Corp",186.29,-3.15,-1.66%,189.18,185.64,11,951,083,16:00 ET
"D","Dominion Energy Inc",62.73,-0.18,-0.29%,63.34,62.27,3,401,718,16:00 ET
"DAL","Delta Air Lines Inc",59.27,-1.31,-2.16%,61.55,58.47,24,221,271,16:00 ET
"DASH","Doordash Inc Cl A",169.93,-6.66,-3.77%,175.04,168.99,3,709,924,16:00 ET
"DD","Dupont Denemours Inc",45.97,+0.73,+1.61%,46.75,44.81,3,120,794,16:00 ET
"DDOG","Datadog Inc Cl A",123.08,-5.48,-4.26%,129.40,121.95,4,005,577,16:00 ET
"DE","Deere & Company",592.72,-6.76,-1.13%,603.03,591.43,1,092,419,16:00 ET
"DECK","Deckers Outdoor Corp",105.26,+0.94,+0.90%,107.31,103.08,2,103,214,16:00 ET
"DELL","Dell Technologies Inc",143.80,-2.71,-1.85%,146.89,137.50,7,370,667,16:02 ET
"DG","Dollar General Corp",146.00,+0.48,+0.33%,149.23,144.50,3,355,288,16:00 ET
"DGX","Quest Diagnostics Inc",200.90,-0.68,-0.34%,204.39,198.87,675,809,16:00 ET
"DHI","D.R. Horton",145.28,-2.41,-1.63%,147.83,144.39,2,331,901,16:00 ET
"DHR","Danaher Corp",195.22,-3.58,-1.80%,198.56,195.16,3,188,845,16:00 ET
"DIS","Walt Disney Company",101.32,-0.34,-0.33%,102.24,100.24,7,818,790,16:00 ET
"DLR","Digital Realty Trust",180.86,+1.21,+0.67%,183.14,179.51,1,768,978,16:00 ET
"DLTR","Dollar Tree Inc",116.82,+0.97,+0.84%,119.91,115.21,2,787,842,16:00 ET
"DOC","Healthpeak Properties Inc",17.40,-0.02,-0.11%,17.50,17.24,5,381,376,16:00 ET
"DOV","Dover Corp",210.26,-0.74,-0.35%,214.16,208.53,818,716,16:00 ET
"DOW","Dow Inc",33.89,-0.42,-1.22%,35.18,33.19,21,894,986,16:00 ET
"DPZ","Domino's Pizza Inc",400.52,-15.26,-3.67%,412.51,399.82,1,264,986,16:00 ET
"DRI","Darden Restaurants",203.47,+1.83,+0.91%,204.83,199.07,1,052,559,16:00 ET
"DTE","Dte Energy Company",147.76,-1.20,-0.81%,149.51,147.61,887,154,16:00 ET
"DUK","Duke Energy Corp",129.69,-1.39,-1.06%,130.69,128.55,8,154,675,16:00 ET
"DVA","Davita Healthcare Partners Inc",151.55,-1.01,-0.66%,154.18,149.87,662,575,16:00 ET
"DVN","Devon Energy Corp",43.70,-1.12,-2.50%,44.93,43.43,15,897,316,16:00 ET
"DXCM","Dexcom Inc",67.79,-0.95,-1.38%,68.75,66.74,2,520,393,16:00 ET
"EA","Electronic Arts Inc",200.07,+0.80,+0.40%,200.56,198.26,2,261,451,16:00 ET
"EBAY","Ebay Inc",90.86,-2.05,-2.21%,93.17,90.31,4,471,585,16:00 ET
"ECL","Ecolab Inc",281.39,-0.47,-0.17%,285.26,279.90,2,347,169,16:00 ET
"ED","Consolidated Edison Company",111.30,-0.50,-0.45%,112.26,110.69,1,615,132,16:00 ET
"EFX","Equifax Inc",195.94,-8.67,-4.24%,205.25,195.53,1,169,169,16:00 ET
"EG","Everest Re Group",327.50,-0.55,-0.17%,330.73,323.16,286,792,16:00 ET
"EIX","Edison International",71.08,+0.35,+0.49%,72.14,70.06,3,091,884,16:00 ET
"EL","Estee Lauder Companies",94.27,+1.64,+1.77%,96.36,91.32,4,942,802,16:00 ET
"ELV","Elevance Health Inc",282.68,+3.66,+1.31%,290.58,280.92,2,913,308,16:00 ET
"EME","Emcor Group",723.38,+4.20,+0.58%,735.19,719.71,260,395,16:00 ET
"EMR","Emerson Electric Company",140.10,-1.02,-0.72%,142.85,140.02,3,154,690,16:00 ET
"EOG","Eog Resources",127.89,-3.78,-2.87%,130.86,126.94,6,654,875,16:00 ET
"EPAM","Epam Systems Inc",142.18,-4.08,-2.79%,144.99,138.62,1,589,188,16:00 ET
"EQIX","Equinix Inc",956.07,+11.16,+1.18%,965.00,939.57,655,302,16:00 ET
"EQR","Equity Residential",61.48,-0.70,-1.13%,62.34,60.83,2,201,333,16:00 ET
"EQT","Eqt Corp",61.83,-0.40,-0.64%,62.36,61.33,8,088,210,16:00 ET
"ERIE","Erie Indemnity Company",243.99,-11.67,-4.56%,257.48,242.37,208,804,16:00 ET
"ES","Eversource Energy",73.61,-0.24,-0.32%,74.08,72.90,2,038,178,16:00 ET
"ESS","Essex Property Trust",254.29,-1.05,-0.41%,257.20,251.15,553,932,16:00 ET
"ETN","Eaton Corp",361.06,+8.29,+2.35%,368.29,351.58,3,643,053,16:00 ET
"ETR","Entergy Corp",104.76,+0.11,+0.11%,105.89,103.91,1,758,468,16:00 ET
"EVRG","Evergy Inc",81.93,-0.51,-0.61%,82.80,81.83,1,252,425,16:00 ET
"EW","Edwards Lifesciences Corp",85.78,+1.52,+1.80%,86.38,82.88,6,226,138,16:00 ET
"EXC","Exelon Corp",49.04,-0.11,-0.21%,49.24,48.52,7,464,294,16:00 ET
"EXE","Expand Energy Corporation",104.67,-3.20,-2.97%,107.68,104.36,3,362,012,16:00 ET
"EXPD","Expeditors Intl",141.37,-3.87,-2.66%,145.13,141.01,1,987,428,16:00 ET
"EXPE","Expedia Group Inc",231.66,-9.88,-4.09%,241.00,226.25,2,372,344,16:00 ET
"EXR","Extra Space Storage Inc",146.68,+0.39,+0.27%,148.44,144.35,926,973,16:00 ET
"F","Ford Motor Company",12.24,+0.05,+0.41%,12.51,12.19,56,557,665,16:01 ET
"FANG","Diamondback Energy",178.37,-4.49,-2.46%,182.76,176.15,2,110,337,16:00 ET
"FAST","Fastenal Company",46.30,-0.50,-1.07%,46.87,46.04,7,192,891,16:00 ET
"FCX","Freeport-Mcmoran Inc",62.40,+1.91,+3.16%,63.12,60.73,16,874,990,16:01 ET
"FDS","Factset Research Systems Inc",212.01,-9.03,-4.09%,221.99,207.46,865,203,16:00 ET
"FDX","Fedex Corp",359.47,-1.63,-0.45%,368.45,358.41,1,521,525,16:00 ET
"FE","Firstenergy Corp",50.66,-0.30,-0.59%,51.16,50.55,2,824,400,16:00 ET
"FFIV","F5 Inc",286.14,+0.81,+0.28%,289.99,281.99,415,227,16:00 ET
"FICO","Fair Isaac and Company",1,285.15,-156.05,-10.83%,1,433.00,1,280.61,453,612,16:00 ET
"FIS","Fidelity National Information Services",50.53,-0.65,-1.27%,51.47,49.10,5,199,180,16:00 ET
"FISV","Fiserv Inc",59.45,-1.84,-3.00%,61.15,58.47,5,833,651,16:00 ET
"FITB","Fifth Third Bancorp",46.59,-0.39,-0.83%,47.66,46.08,11,200,558,16:00 ET
"FIX","Comfort Systems USA",1,383.62,+11.22,+0.82%,1,409.99,1,372.40,389,026,16:00 ET
"FOX","Fox Corp Cl B",53.08,-0.96,-1.78%,53.83,52.70,1,530,776,16:00 ET
"FOXA","Fox Corp Cl A",58.16,-1.10,-1.86%,59.24,57.72,2,938,213,16:00 ET
"FRT","Federal Realty Investment Trust",106.80,+0.26,+0.24%,107.94,105.66,668,382,16:00 ET
"FSLR","First Solar Inc",197.80,+2.42,+1.24%,201.18,195.24,1,935,902,16:00 ET
"FTNT","Fortinet Inc",84.20,+0.39,+0.47%,85.05,81.62,5,825,766,16:00 ET
"FTV","Fortive Corp",55.82,-0.53,-0.94%,56.66,55.69,2,505,729,16:00 ET
"GD","General Dynamics Corp",355.59,-6.39,-1.77%,361.36,354.69,972,193,16:00 ET
"GDDY","Godaddy Inc",90.21,-1.48,-1.61%,91.99,88.79,2,785,603,16:00 ET
"GE","GE Aerospace",326.52,+4.59,+1.43%,331.88,320.55,4,119,162,16:00 ET
"GEHC","GE Healthcare Technologies Inc",72.73,-2.90,-3.83%,75.50,71.72,4,394,432,16:00 ET
"GEN","Gen Digital Inc",21.78,-0.77,-3.41%,22.68,21.60,4,333,678,16:00 ET
"GEV","GE Vernova Inc",839.20,+9.10,+1.10%,852.92,832.10,2,383,026,16:00 ET
"GILD","Gilead Sciences Inc",148.56,+1.93,+1.32%,149.38,146.84,4,955,055,16:00 ET
"GIS","General Mills",42.28,-1.12,-2.58%,43.27,42.27,8,313,585,16:00 ET
"GL","Globe Life Inc",142.91,+0.90,+0.63%,145.46,140.51,497,365,16:00 ET
"GLW","Corning Inc",136.22,+7.17,+5.56%,139.63,131.29,16,797,673,16:03 ET
"GM","General Motors Company",74.93,+0.24,+0.32%,77.20,74.84,8,707,018,16:00 ET
"GNRC","Generac Holdings Inc",210.71,+3.60,+1.74%,215.11,207.54,679,406,16:00 ET
"GOOG","Alphabet Cl C",306.93,+0.92,+0.30%,309.15,305.31,14,316,163,16:00 ET
"GOOGL","Alphabet Cl A",307.04,+0.68,+0.22%,309.51,305.57,23,143,519,16:00 ET
"GPC","Genuine Parts Company",108.96,-2.88,-2.58%,111.80,108.89,1,812,115,16:00 ET
"GPN","Global Payments Inc",73.54,-1.26,-1.68%,74.89,72.38,3,765,001,16:00 ET
"GRMN","Garmin Ltd",241.34,-1.29,-0.53%,245.00,238.09,688,407,16:00 ET
"GS","Goldman Sachs Group",833.81,+1.78,+0.21%,846.09,826.35,1,857,781,16:00 ET
"GWW","W.W. Grainger",1,106.40,-8.88,-0.80%,1,123.48,1,101.58,186,742,16:00 ET
"HAL","Halliburton Company",35.34,+0.69,+1.99%,35.50,34.25,19,860,364,16:00 ET
"HAS","Hasbro Inc",95.07,-0.71,-0.74%,96.59,94.46,935,118,16:00 ET
"HBAN","Huntington Bancshares Inc",15.99,-0.13,-0.81%,16.34,15.85,21,190,501,16:00 ET
"HCA","Hca Holdings Inc",537.64,-7.49,-1.37%,544.97,530.00,851,695,16:00 ET
"HD","Home Depot",357.15,+3.59,+1.02%,361.64,351.02,3,362,587,16:00 ET
"HIG","The Hartford Insurance Group Inc",137.25,-0.70,-0.51%,139.22,136.95,1,121,591,16:00 ET
"HII","Huntington Ingalls Industries",417.51,-12.07,-2.81%,427.36,416.62,353,074,16:00 ET
"HLT","Hilton Inc",298.37,-5.09,-1.68%,303.14,297.84,1,886,136,16:00 ET
"HOLX","Hologic Inc",75.54,-0.05,-0.07%,75.58,75.39,3,066,122,16:00 ET
"HON","Honeywell International Inc",240.61,+3.02,+1.27%,245.26,236.62,5,087,136,16:00 ET
"HOOD","Robinhood Markets Inc Cl A",78.53,-0.82,-1.03%,80.75,77.66,22,513,790,16:00 ET
"HPE","Hewlett Packard Enterprise Comp",21.10,-0.71,-3.26%,22.14,21.03,36,020,463,16:00 ET
"HPQ","HP Inc",18.79,-0.14,-0.74%,19.19,18.47,18,302,134,16:00 ET
"HRL","Hormel Foods Corp",23.34,-0.54,-2.26%,23.75,23.34,5,606,333,16:00 ET
"HSIC","Henry Schein Inc",76.29,-1.81,-2.32%,79.07,76.25,1,430,508,16:00 ET
"HST","Host Marriott Financial Trust",19.25,+0.09,+0.47%,19.64,18.95,9,146,013,16:00 ET
"HSY","Hershey Foods Corp",219.00,-3.78,-1.70%,222.25,216.58,1,528,499,16:00 ET
"HUBB","Hubbell Inc B",478.06,-9.70,-1.99%,494.07,478.05,700,949,16:00 ET
"HUM","Humana Inc",173.62,-4.91,-2.75%,179.98,171.96,1,401,627,16:00 ET
"HWM","Howmet Aerospace Inc",253.91,-0.23,-0.09%,257.38,251.68,1,948,966,16:00 ET
"IBKR","Interactive Brokers",68.50,+1.01,+1.50%,69.99,66.68,4,925,059,16:00 ET
"IBM","Intl Business Machines",250.20,-3.13,-1.24%,253.44,246.55,4,901,247,16:00 ET
"ICE","Intercontinental Exchange",160.17,-5.63,-3.40%,164.86,158.85,3,392,399,16:00 ET
"IDXX","Idexx Laboratories",598.85,-11.60,-1.90%,610.43,598.10,462,983,16:00 ET
"IEX","Idex Corp",195.79,-1.81,-0.92%,199.55,195.77,498,976,16:00 ET
"IFF","International Flavors & Fragrances",72.85,-0.31,-0.42%,74.30,72.33,1,857,075,16:00 ET
"INCY","Incyte Corp",96.02,-1.08,-1.11%,97.86,95.90,1,546,678,16:00 ET
"INTC","Intel Corp",46.78,+1.20,+2.63%,47.88,45.41,84,829,627,16:00 ET
"INTU","Intuit Inc",453.95,-19.72,-4.16%,475.00,448.27,4,546,883,16:00 ET
"INVH","Invitation Homes Inc",25.75,-0.22,-0.85%,26.03,25.47,6,553,508,16:00 ET
"IP","International Paper Company",39.09,+0.70,+1.82%,39.82,37.79,5,446,062,16:00 ET
"IQV","Iqvia Holdings Inc",170.93,-7.62,-4.27%,180.14,170.88,1,557,888,16:00 ET
"IR","Ingersoll Rand Inc",86.42,-0.24,-0.28%,88.12,85.52,2,804,243,16:00 ET
"IRM","Iron Mountain Inc",107.77,+0.63,+0.59%,108.79,106.23,1,181,249,16:00 ET
"ISRG","Intuitive Surg Inc",485.85,-7.71,-1.56%,496.00,484.38,1,545,364,16:00 ET
"IT","Gartner Inc",159.06,-7.33,-4.41%,166.60,154.97,1,835,198,16:00 ET
"ITW","Illinois Tool Works Inc",273.29,-3.29,-1.19%,278.06,273.03,1,186,970,16:00 ET
"IVZ","Invesco Plc",23.97,+0.09,+0.38%,24.55,23.58,5,104,059,16:00 ET
"J","Jacobs Engineering Group Inc",131.84,-2.83,-2.10%,135.16,130.74,706,616,16:00 ET
"JBHT","J B Hunt Transport",215.85,-1.61,-0.74%,220.69,213.43,706,356,16:00 ET
"JBL","Jabil Circuit",251.15,+3.69,+1.49%,255.35,247.40,1,130,854,16:03 ET
"JCI","Johnson Controls Intl",133.94,+0.85,+0.64%,136.18,132.60,4,387,302,16:00 ET
"JKHY","Jack Henry & Assoc",171.02,-0.57,-0.33%,172.80,167.34,1,335,040,16:00 ET
"JNJ","Johnson & Johnson",243.71,+1.12,+0.46%,245.00,240.82,7,204,012,16:00 ET
"JPM","JP Morgan Chase & Company",288.73,-1.19,-0.41%,292.75,287.18,8,319,611,16:00 ET
"KDP","Keurig Dr Pepper Inc",28.04,-0.15,-0.53%,28.33,27.85,7,817,725,16:00 ET
"KEY","Keycorp",19.76,+0.07,+0.36%,20.17,19.41,18,632,437,16:00 ET
"KEYS","Keysight Technologies Inc",285.54,+3.52,+1.25%,293.30,283.32,1,461,917,16:00 ET
"KHC","Kraft Heinz Company",23.66,-0.78,-3.19%,24.42,23.64,11,177,386,16:00 ET
"KIM","Kimco Realty Corp",23.16,-0.04,-0.17%,23.46,23.00,5,187,543,16:00 ET
"KKR","KKR & Company LP",89.96,-0.98,-1.08%,91.79,88.31,5,670,995,16:00 ET
"KLAC","K L A-Tencor Corp",1,452.94,+23.84,+1.67%,1,487.10,1,410.00,890,695,16:00 ET
"KMB","Kimberly-Clark Corp",101.71,-1.14,-1.11%,103.03,101.02,4,165,270,16:00 ET
"KMI","Kinder Morgan Inc",32.96,-0.34,-1.02%,33.39,32.93,12,783,528,16:00 ET
"KO","Coca-Cola Company",77.88,+0.08,+0.10%,78.41,77.10,17,155,139,16:00 ET
"KR","Kroger Company",72.24,-1.13,-1.54%,73.59,71.78,7,977,980,16:00 ET
"KVUE","Kenvue Inc",17.96,-0.20,-1.10%,18.14,17.87,30,101,546,16:00 ET
"L","Loews Corp",109.16,+0.06,+0.05%,110.21,108.36,554,561,16:00 ET
"LDOS","Leidos Holdings Inc",172.51,-7.03,-3.92%,177.94,170.03,1,279,560,16:00 ET
"LEN","Lennar Corp",98.72,-1.22,-1.22%,100.51,97.70,2,815,068,16:00 ET
"LH","Laboratory Corp of America Holdings",268.70,-4.91,-1.79%,273.53,268.42,510,110,16:00 ET
"LHX","L3Harris Technologies Inc",361.72,-9.54,-2.57%,366.77,360.54,1,280,203,16:00 ET
"LII","Lennox International",511.86,-5.10,-0.99%,520.37,508.11,319,782,16:00 ET
"LIN","Linde Plc",477.94,-5.68,-1.17%,483.04,474.63,2,460,459,16:00 ET
"LLY","Eli Lilly and Company",1,001.35,-7.04,-0.70%,1,012.00,994.00,1,659,072,16:00 ET
"LMT","Lockheed Martin Corp",651.22,-12.93,-1.95%,659.89,646.20,1,649,387,16:00 ET
"LNT","Alliant Energy Corp",71.04,-0.57,-0.80%,71.87,70.90,2,149,887,16:00 ET
"LOW","Lowe's Companies",251.11,+0.89,+0.36%,254.61,247.32,2,075,401,16:00 ET
"LRCX","Lam Research Corp",215.23,+4.08,+1.93%,220.82,210.88,10,323,101,16:00 ET
"LULU","Lululemon Athletica",166.43,-3.33,-1.96%,171.34,166.34,2,303,974,16:00 ET
"LUV","Southwest Airlines Company",42.82,-0.21,-0.49%,44.61,42.12,10,764,415,16:00 ET
"LVS","Las Vegas Sands",54.31,+0.40,+0.74%,55.29,54.04,3,115,401,16:00 ET
"LW","Lamb Weston Holdings Inc",44.48,-1.27,-2.78%,45.75,44.43,2,447,394,16:00 ET
"LYB","Lyondellbasell Industries NV",65.61,-1.21,-1.81%,67.60,64.18,12,252,067,16:00 ET
"LYV","Live Nation Entertainment",165.53,-0.27,-0.16%,167.00,162.54,3,363,937,16:00 ET
"MA","Mastercard Inc",514.72,-3.00,-0.58%,519.33,511.00,2,751,296,16:00 ET
"MAA","Mid-America Apartment Communities",130.13,-2.01,-1.52%,132.10,129.72,795,291,16:00 ET
"MAR","Marriot Int Cl A",326.00,-2.86,-0.87%,331.71,323.78,1,148,765,16:00 ET
"MAS","Masco Corp",63.47,-0.77,-1.20%,65.14,63.09,2,203,626,16:00 ET
"MCD","McDonald's Corp",327.94,-2.86,-0.86%,329.65,326.71,2,331,143,16:00 ET
"MCHP","Microchip Technology",65.33,+0.33,+0.51%,67.10,64.58,11,144,803,16:00 ET
"MCK","Mckesson Corp",928.69,-13.47,-1.43%,945.00,925.09,645,246,16:00 ET
"MCO","Moody's Corp",452.23,-10.46,-2.26%,461.25,447.64,1,271,138,16:00 ET
"MDLZ","Mondelez Intl Inc",56.58,-1.59,-2.73%,58.31,56.55,7,700,172,16:00 ET
"MDT","Medtronic Inc",89.89,-1.45,-1.59%,91.41,89.15,8,790,609,16:00 ET
"MET","Metlife Inc",70.60,-0.17,-0.24%,71.98,69.72,3,323,052,16:00 ET
"META","Meta Platforms Inc",654.07,+6.68,+1.03%,660.30,649.00,9,804,367,16:00 ET
"MGM","MGM Resorts International",35.00,-0.64,-1.80%,35.83,34.88,3,907,160,16:00 ET
"MKC","Mccormick & Company",63.39,-0.79,-1.23%,64.44,62.88,2,007,248,16:00 ET
"MLM","Martin Marietta Materials",607.54,-4.98,-0.81%,616.05,604.60,512,426,16:00 ET
"MMM","3M Company",155.25,+3.62,+2.39%,156.51,151.61,5,889,428,16:00 ET
"MNST","Monster Beverage Corp",76.70,+0.98,+1.29%,77.63,75.28,5,992,147,16:00 ET
"MO","Altria Group",67.14,+0.10,+0.15%,67.31,66.28,6,732,691,16:00 ET
"MOH","Molina Healthcare Inc",141.32,-4.71,-3.23%,146.53,137.61,1,558,938,16:00 ET
"MOS","Mosaic Company",26.48,-0.44,-1.63%,26.92,26.05,8,092,088,16:00 ET
"MPC","Marathon Petroleum Corp",215.23,-0.47,-0.22%,220.30,212.38,2,187,022,16:00 ET
"MPWR","Monolithic Power Sys",1,055.82,-6.18,-0.58%,1,091.38,1,040.00,447,939,16:00 ET
"MRK","Merck & Company",117.09,-0.02,-0.02%,119.00,116.67,9,727,087,16:00 ET
"MRNA","Moderna Inc",54.98,-0.76,-1.36%,56.16,52.65,7,254,110,16:00 ET
"MRSH","Marsh & Mclennan Companies Inc",174.00,-5.97,-3.32%,179.09,173.82,2,598,351,16:00 ET
"MS","Morgan Stanley",160.75,+0.30,+0.19%,163.48,159.86,4,309,619,16:00 ET
"MSCI","MSCI Inc",550.11,-14.30,-2.53%,561.48,549.24,594,897,16:00 ET
"MSFT","Microsoft Corp",405.76,-3.65,-0.89%,410.20,402.93,31,381,389,16:00 ET
"MSI","Motorola Solutions",464.11,+6.08,+1.33%,466.03,455.98,1,111,377,16:00 ET
"MTB","M&T Bank Corp",204.12,-4.54,-2.18%,212.42,204.01,1,580,241,16:00 ET
"MTCH","Match Group Inc",30.84,-0.27,-0.87%,31.22,30.34,4,126,660,16:00 ET
"MTD","Mettler-Toledo International",1,231.73,-16.89,-1.35%,1,248.68,1,218.06,136,481,16:00 ET
"MU","Micron Technology",403.11,+13.79,+3.54%,415.31,393.64,33,397,776,16:00 ET
"NCLH","Norwegian Cruise Ord",20.35,-0.36,-1.74%,21.02,19.90,24,372,636,16:00 ET
"NDAQ","Nasdaq Inc",87.60,-0.45,-0.51%,88.57,86.28,3,833,445,16:00 ET
"NDSN","Nordson Corp",272.46,+0.97,+0.36%,277.48,269.50,233,035,16:00 ET
"NEE","Nextera Energy",91.54,-0.47,-0.51%,92.14,91.06,7,473,288,16:00 ET
"NEM","Newmont Mining Corp",118.90,+1.94,+1.66%,120.34,117.00,7,923,752,16:00 ET
"NFLX","Netflix Inc",96.94,-1.38,-1.40%,98.49,96.29,40,888,216,16:00 ET
"NI","NiSource Inc",46.57,-0.46,-0.98%,47.18,46.47,3,746,530,16:00 ET
"NKE","Nike Inc",56.08,-0.45,-0.80%,57.24,55.80,15,629,281,16:00 ET
"NOC","Northrop Grumman Corp",734.98,-12.36,-1.65%,744.97,730.19,641,095,16:00 ET
"NOW","Servicenow Inc",116.61,-5.32,-4.36%,121.43,114.66,21,803,092,16:00 ET
"NRG","NRG Energy",155.15,-0.27,-0.17%,159.37,155.00,2,846,410,16:00 ET
"NSC","Norfolk Southern Corp",298.49,-3.94,-1.30%,303.60,298.41,1,288,857,16:00 ET
"NTAP","Netapp Inc",96.91,-3.70,-3.68%,101.18,96.73,1,777,340,16:00 ET
"NTRS","Northern Trust Corp",137.98,-0.43,-0.31%,140.76,137.53,739,733,16:00 ET
"NUE","Nucor Corp",170.43,+0.96,+0.57%,172.05,167.81,1,316,034,16:00 ET
"NVDA","Nvidia Corp",184.77,+2.12,+1.16%,186.44,182.01,177,763,602,16:00 ET
"NVR","NVR Inc",6,783.24,-88.79,-1.29%,6,907.00,6,702.20,29,350,16:01 ET
"NWS","News Corp Cl B",27.22,-0.49,-1.77%,27.60,27.05,905,535,16:00 ET
"NWSA","News Corp Cl A",24.03,-0.51,-2.08%,24.52,23.92,3,849,740,16:00 ET
"NXPI","Nxp Semiconductors",203.06,-2.19,-1.07%,208.36,201.86,2,525,012,16:00 ET
"O","Realty Income Corp",64.88,-0.06,-0.09%,65.55,64.35,5,102,655,16:00 ET
"ODFL","Old Dominion Freight Line Inc",195.02,-2.20,-1.12%,198.92,192.88,1,520,947,16:00 ET
"OKE","Oneok Inc",84.68,-1.28,-1.49%,86.53,84.24,4,747,055,16:00 ET
"OMC","Omnicom Group Inc",80.98,-3.01,-3.58%,84.50,80.77,4,638,056,16:00 ET
"ON","On Semiconductor",59.59,+0.36,+0.61%,60.98,58.58,7,489,397,16:00 ET
"ORCL","Oracle Corp",149.40,-2.16,-1.43%,154.14,148.45,41,714,847,16:04 ET
"ORLY","O'Reilly Automotive",94.71,+0.10,+0.11%,95.61,93.90,3,911,023,16:00 ET
"OTIS","Otis Worldwide Corp",86.09,-1.48,-1.69%,87.57,86.06,2,730,719,16:00 ET
"OXY","Occidental Petroleum Corp",53.12,-1.64,-2.99%,54.00,52.05,24,437,877,16:00 ET
"PANW","Palo Alto Networks Inc",165.60,+0.50,+0.30%,167.00,160.83,6,833,042,16:00 ET
"PAYC","Paycom Software Inc",131.91,-6.34,-4.59%,137.11,130.15,1,373,998,16:00 ET
"PAYX","Paychex Inc",95.12,-3.18,-3.23%,98.17,94.17,3,412,131,16:00 ET
"PCAR","Paccar Inc",119.02,-1.65,-1.37%,121.20,118.79,2,121,346,16:00 ET
"PCG","Pacific Gas & Electric Company",18.22,+0.05,+0.28%,18.40,17.94,18,065,594,16:00 ET
"PEG","Public Service Enterprise Group Inc",83.27,-0.10,-0.12%,83.83,82.45,2,540,138,16:00 ET
"PEP","Pepsico Inc",160.78,-0.75,-0.46%,162.86,159.59,5,188,181,16:00 ET
"PFE","Pfizer Inc",27.16,+0.35,+1.31%,27.29,26.52,42,649,149,16:00 ET
"PFG","Principal Financial Group Inc",89.73,-0.88,-0.97%,91.72,89.38,1,757,691,16:00 ET
"PG","Procter & Gamble Company",156.01,+0.79,+0.51%,157.15,153.60,7,747,103,16:00 ET
"PGR","Progressive Corp",206.96,+0.16,+0.08%,209.31,205.93,2,939,608,16:00 ET
"PH","Parker-Hannifin Corp",950.39,+18.22,+1.95%,960.45,928.00,959,665,16:00 ET
"PHM","Pultegroup",124.39,-2.27,-1.79%,127.08,123.92,2,498,276,16:00 ET
"PKG","Packaging Corp of America",221.32,-1.48,-0.66%,225.35,220.20,950,052,16:00 ET
"PLD","Prologis Inc",136.16,+1.01,+0.75%,137.87,133.86,3,355,633,16:00 ET
"PLTR","Palantir Technologies Inc Cl A",151.14,-5.29,-3.38%,156.66,150.14,47,129,539,16:00 ET
"PM","Philip Morris International Inc",172.87,-0.38,-0.22%,174.28,171.76,4,897,758,16:00 ET
"PNC","PNC Bank",206.39,+1.05,+0.51%,210.24,203.61,2,698,559,16:00 ET
"PNR","Pentair Ltd",90.16,-2.04,-2.21%,92.59,90.12,1,536,474,16:00 ET
"PNW","Pinnacle West Capital Corp",100.96,-0.32,-0.32%,102.28,100.29,1,902,847,16:00 ET
"PODD","Insulet Corp",238.24,-2.14,-0.89%,241.90,233.77,792,345,16:00 ET
"POOL","Pool Corp",208.88,-5.64,-2.63%,216.02,208.00,764,416,16:00 ET
"PPG","PPG Industries",105.85,-2.40,-2.22%,109.79,105.77,3,398,888,16:00 ET
"PPL","PPL Corp",37.84,-0.19,-0.49%,38.28,37.73,7,556,001,16:00 ET
"PRU","Prudential Financial Inc",95.47,-0.46,-0.48%,96.76,94.19,2,270,392,16:00 ET
"PSA","Public Storage",305.99,-0.49,-0.16%,310.88,302.09,983,440,16:00 ET
"PSKY","Paramount Skydance Corporation Cl B",10.33,-0.86,-7.69%,11.09,10.25,21,007,745,16:00 ET
"PSX","Phillips 66",162.50,-0.50,-0.31%,165.86,160.62,3,602,895,16:00 ET
"PTC","Ptc Inc",159.52,-3.90,-2.39%,164.34,157.61,850,481,16:00 ET
"PWR","Quanta Services",564.05,-3.99,-0.70%,576.86,561.42,1,145,590,16:00 ET
"PYPL","Paypal Holdings",45.02,-1.14,-2.47%,45.82,44.81,17,502,610,16:00 ET
"Q","Qnity Electronics Inc",113.97,-0.28,-0.25%,117.16,112.58,1,955,536,16:00 ET
"QCOM","Qualcomm Inc",135.20,-2.91,-2.11%,136.75,132.16,10,430,322,16:00 ET
"RCL","Royal Caribbean Cruises Ltd",285.03,-5.52,-1.90%,293.69,280.23,2,868,920,16:00 ET
"REG","Regency Centers Corp",78.16,-0.07,-0.09%,78.88,77.55,1,021,887,16:00 ET
"REGN","Regeneron Pharmaceuticals",772.03,-9.57,-1.22%,788.69,771.34,472,072,16:00 ET
"RF","Regions Financial Corp",26.76,-0.20,-0.74%,27.33,26.62,13,790,183,16:00 ET
"RJF","Raymond James Financial",148.64,-2.55,-1.69%,151.98,148.44,1,487,179,16:00 ET
"RL","Ralph Lauren Corp",346.17,+2.05,+0.60%,354.07,342.33,334,060,16:00 ET
"RMD","Resmed Inc",247.11,-5.82,-2.30%,252.53,246.63,929,678,16:00 ET
"ROK","Rockwell Automation Inc",374.07,-1.48,-0.39%,385.30,373.55,924,847,16:00 ET
"ROL","Rollins Inc",56.28,-1.29,-2.24%,57.77,55.47,3,696,566,16:00 ET
"ROP","Roper Industries",353.87,-9.19,-2.53%,364.39,349.43,1,246,421,16:00 ET
"ROST","Ross Stores Inc",212.93,+0.78,+0.37%,216.59,209.37,2,559,968,16:00 ET
"RSG","Republic Services",223.53,-6.61,-2.87%,228.82,220.01,1,312,990,16:00 ET
"RTX","Rtx Corp",207.00,-1.23,-0.59%,208.47,205.28,4,114,817,16:00 ET
"RVTY","Revvity Inc",90.30,-1.81,-1.97%,92.62,88.59,990,073,16:00 ET
"SBAC","SBA Communications",193.70,-2.23,-1.14%,197.07,192.66,1,211,120,16:00 ET
"SBUX","Starbucks Corp",100.77,+1.00,+1.00%,101.14,98.26,7,997,269,16:00 ET
"SCHW","The Charles Schwab Corp",93.17,-1.21,-1.28%,94.62,92.59,6,951,583,16:00 ET
"SHW","Sherwin-Williams Company",330.33,-3.07,-0.92%,337.23,329.26,1,413,538,16:00 ET
"SJM","J.M. Smucker Company",108.47,-0.49,-0.45%,110.01,107.62,1,627,680,16:00 ET
"SLB","Slb Limited",48.11,+0.92,+1.95%,48.52,46.70,18,098,839,16:00 ET
"SMCI","Super Micro Computer",31.79,-0.19,-0.59%,32.38,31.56,19,091,667,16:00 ET
"SNA","Snap-On Inc",370.00,-3.57,-0.96%,376.63,369.97,379,031,16:00 ET
"SNDK","Sandisk Corp",618.89,+30.16,+5.12%,636.58,595.56,17,933,904,16:00 ET
"SNPS","Synopsys Inc",432.65,-4.57,-1.05%,439.01,428.00,1,745,322,16:00 ET
"SO","Southern Company",96.27,-0.98,-1.01%,97.14,95.90,4,191,680,16:00 ET
"SOLV","Solventum Corporation",67.60,-1.00,-1.46%,68.63,67.11,1,040,527,16:00 ET
"SPG","Simon Property Group",192.07,+1.44,+0.76%,194.67,189.52,1,560,274,16:00 ET
"SPGI","S&P Global Inc",435.44,-9.84,-2.21%,445.02,432.00,1,834,486,16:00 ET
"SRE","Sempra",92.97,-0.54,-0.58%,94.24,92.57,4,504,507,16:00 ET
"STE","Steris Corp",222.08,-5.64,-2.48%,228.75,221.94,720,048,16:00 ET
"STLD","Steel Dynamics Inc",182.19,-0.17,-0.09%,184.07,179.93,793,476,16:00 ET
"STT","State Street Corp",122.55,+0.62,+0.51%,124.96,121.35,2,321,346,16:00 ET
"STX","Seagate Technology Hldgs Plc",384.29,+9.96,+2.66%,398.29,377.93,3,476,389,16:00 ET
"STZ","Constellation Brands Inc",150.09,+1.13,+0.76%,151.12,147.05,1,234,766,16:00 ET
"SW","Smurfit Westrock Plc",42.74,+0.65,+1.54%,43.25,41.53,7,374,243,16:00 ET
"SWK","Stanley Black & Decker Inc",74.13,-0.66,-0.88%,75.88,73.18,1,325,223,16:00 ET
"SWKS","Skyworks Solutions",54.93,-0.35,-0.63%,55.91,53.41,3,208,882,16:00 ET
"SYF","Synchrony Financial",65.46,-1.66,-2.47%,67.67,65.10,4,792,135,16:00 ET
"SYK","Stryker Corp",358.65,-7.27,-1.99%,364.90,357.75,1,410,021,16:00 ET
"SYY","Sysco Corp",84.29,-0.41,-0.48%,85.45,83.81,2,261,889,16:00 ET
"T","AT&T Inc",27.71,+0.18,+0.65%,27.94,27.45,37,351,094,16:00 ET
"TAP","Molson Coors Brewing Company",45.87,-0.14,-0.30%,46.13,45.16,3,538,655,16:00 ET
"TDG","Transdigm Group Inc",1,268.31,-9.62,-0.75%,1,274.85,1,252.55,213,140,16:00 ET
"TDY","Teledyne Technologies Inc",655.29,+1.23,+0.19%,665.40,650.65,269,967,16:00 ET
"TECH","Bio-Techne Corp",52.82,-2.05,-3.74%,54.87,52.77,2,778,172,16:00 ET
"TEL","Te Connectivity Ltd",202.95,-3.29,-1.60%,210.00,202.91,1,755,383,16:00 ET
"TER","Teradyne Inc",300.77,+4.33,+1.46%,309.79,294.94,2,821,094,16:00 ET
"TFC","Truist Financial Corp",46.65,-0.10,-0.21%,47.56,46.09,6,452,113,16:00 ET
"TGT","Target Corp",120.74,+0.60,+0.50%,122.47,118.57,4,390,020,16:00 ET
"TJX","TJX Companies",159.53,+1.39,+0.88%,162.59,156.38,5,411,168,16:00 ET
"TKO","Tko Group Holdings Inc Cl A",205.58,+1.51,+0.74%,210.86,205.11,1,167,836,16:00 ET
"TMO","Thermo Fisher Scientific Inc",500.08,-9.89,-1.94%,509.94,497.94,1,811,471,16:00 ET
"TMUS","T-Mobile US",218.78,+1.28,+0.59%,219.16,216.00,3,343,860,16:00 ET
"TPL","Texas Pacific Land Trust",520.76,-19.03,-3.53%,537.00,508.40,529,670,16:00 ET
"TPR","Tapestry Inc",148.27,+2.77,+1.90%,151.87,144.80,2,258,545,16:00 ET
"TRGP","Targa Resources",232.47,-2.27,-0.97%,236.43,231.72,1,427,927,16:00 ET
"TRMB","Trimble Navigation",68.99,-1.46,-2.07%,70.73,67.92,1,431,016,16:00 ET
"TROW","T Rowe Price Group",89.14,-1.41,-1.56%,90.91,89.03,2,415,480,16:00 ET
"TRV","The Travelers Companies Inc",302.44,+0.35,+0.12%,305.57,299.96,1,514,531,16:00 ET
"TSCO","Tractor Supply Company",50.34,-0.33,-0.65%,51.21,50.03,5,805,449,16:00 ET
"TSLA","Tesla Inc",399.24,+0.56,+0.14%,406.59,398.19,58,680,170,16:00 ET
"TSN","Tyson Foods",60.24,-1.09,-1.78%,61.31,60.23,3,147,991,16:00 ET
"TT","Trane Technologies Plc",433.67,+6.15,+1.44%,437.52,425.97,1,713,793,16:00 ET
"TTD","Trade Desk Inc",27.66,-0.90,-3.15%,28.63,27.12,16,133,829,16:00 ET
"TTWO","Take-Two Interactive",209.08,-5.55,-2.59%,216.00,207.80,1,875,049,16:00 ET
"TXN","Texas Instruments",197.46,+1.26,+0.64%,200.18,195.45,5,890,366,16:00 ET
"TXT","Textron Inc",92.51,-1.63,-1.73%,94.13,92.32,2,159,069,16:00 ET
"TYL","Tyler Technologies",354.24,-13.11,-3.57%,369.64,343.69,592,449,16:00 ET
"UAL","United Airlines Holdings Inc",91.10,-3.42,-3.62%,96.58,90.25,15,564,172,16:00 ET
"UBER","Uber Technologies Inc",72.36,-1.48,-2.00%,74.12,72.18,17,509,668,16:00 ET
"UDR","United Dominion Realty Trust",36.78,-0.43,-1.16%,37.36,36.42,3,500,459,16:00 ET
"UHS","Universal Health Services",186.53,-4.00,-2.10%,191.88,186.10,818,067,16:00 ET
"ULTA","Ulta Beauty Inc",647.23,+5.01,+0.78%,653.88,631.45,619,632,16:00 ET
"UNH","Unitedhealth Group Inc",282.34,-2.83,-0.99%,287.58,278.90,6,059,031,16:00 ET
"UNP","Union Pacific Corp",250.21,-3.40,-1.34%,254.52,249.93,2,301,679,16:00 ET
"UPS","United Parcel Service",100.92,+0.98,+0.98%,102.23,99.55,6,193,322,16:00 ET
"URI","United Rentals",775.79,-44.89,-5.47%,820.07,768.55,1,026,344,16:00 ET
"USB","U.S. Bancorp",51.95,-0.18,-0.35%,52.90,51.35,10,251,422,16:00 ET
"V","Visa Inc",314.43,-1.54,-0.49%,317.13,311.45,5,262,083,16:00 ET
"VICI","Vici Properties Inc",29.31,-0.19,-0.64%,29.71,29.26,7,465,243,16:00 ET
"VLO","Valero Energy Corp",217.02,+1.07,+0.50%,220.91,213.83,3,915,381,16:00 ET
"VLTO","Veralto Corporation",91.79,-2.27,-2.41%,94.03,91.33,1,673,105,16:00 ET
"VMC","Vulcan Materials Company",272.00,-2.33,-0.85%,275.13,269.99,1,208,647,16:00 ET
"VRSK","Verisk Analytics Inc",202.66,-7.62,-3.62%,212.04,200.10,1,687,513,16:00 ET
"VRSN","Verisign Inc",238.61,-3.77,-1.56%,242.38,236.08,570,954,16:00 ET
"VRTX","Vertex Pharmaceutic",499.17,+38.30,+8.31%,507.92,477.77,3,362,508,16:00 ET
"VST","Vistra Energy Corp",164.40,+0.78,+0.48%,168.79,164.31,4,103,101,16:00 ET
"VTR","Ventas Inc",86.08,-0.13,-0.15%,87.17,85.51,2,242,583,16:00 ET
"VTRS","Viatris Inc",14.08,-0.14,-0.98%,14.52,14.05,8,862,930,16:00 ET
"VZ","Verizon Communications Inc",50.71,+0.26,+0.52%,50.82,50.02,20,016,929,16:00 ET
"WAB","Wabtec Corp",246.75,-0.25,-0.10%,252.45,245.39,808,299,16:00 ET
"WAT","Waters Corp",299.63,-6.04,-1.98%,307.67,297.59,978,752,16:00 ET
"WBD","Discovery Inc Series A",27.76,+0.01,+0.04%,27.95,27.69,17,499,852,16:00 ET
"WDAY","Workday Inc",142.49,-5.65,-3.81%,147.65,139.31,5,206,700,16:00 ET
"WDC","Western Digital Corp",266.22,+4.16,+1.59%,280.75,265.65,8,445,386,16:00 ET
"WEC","Wisconsin Energy Corp",114.50,-1.09,-0.94%,115.80,114.01,2,950,702,16:00 ET
"WELL","Welltower Inc",207.72,+0.04,+0.02%,210.68,205.23,2,520,191,16:00 ET
"WFC","Wells Fargo & Company",78.30,-0.53,-0.67%,79.80,77.45,18,465,513,16:02 ET
"WM","Waste Management",235.54,-10.97,-4.45%,244.64,234.71,2,654,742,16:00 ET
"WMB","Williams Companies",73.84,+0.66,+0.90%,74.48,72.51,6,852,899,16:00 ET
"WMT","Walmart Inc",125.12,+0.78,+0.63%,126.10,123.35,18,749,128,16:00 ET
"WRB","W.R. Berkley Corp",67.86,-0.38,-0.56%,68.47,67.45,1,673,313,16:00 ET
"WSM","Williams-Sonoma",188.39,+0.09,+0.05%,193.58,185.98,955,330,16:00 ET
"WST","West Pharmaceutical Services",233.83,-14.23,-5.74%,243.14,228.40,1,411,131,16:00 ET
"WTW","Willis Towers Watson Public Ltd",289.26,-5.41,-1.84%,295.16,289.12,568,973,16:00 ET
"WY","Weyerhaeuser Company",24.18,-0.06,-0.25%,24.35,23.94,7,025,106,16:00 ET
"WYNN","Wynn Resorts Ltd",102.73,+1.17,+1.15%,104.60,101.50,1,879,440,16:00 ET
"XEL","XCEL Energy Inc",81.88,-0.22,-0.27%,82.53,81.32,3,642,950,16:00 ET
"XOM","Exxon Mobil Corp",148.13,-2.31,-1.54%,150.40,147.70,19,539,924,16:00 ET
"XYL","Xylem Inc",122.71,-0.81,-0.66%,124.55,122.66,1,690,086,16:00 ET
"XYZ","Block Inc",65.60,+0.06,+0.09%,66.80,64.83,5,890,973,16:03 ET
"YUM","Yum! Brands",159.20,-0.65,-0.41%,161.11,157.09,1,533,379,16:00 ET
"ZBH","Zimmer Biomet Holdings",91.70,-1.58,-1.69%,93.65,91.49,1,967,922,16:00 ET
"ZBRA","Zebra Technologies",212.47,-1.31,-0.61%,218.05,208.82,706,006,16:00 ET
"ZTS","Zoetis Inc Cl A",120.49,-1.87,-1.53%,122.97,120.40,2,892,094,16:00 ET
